Time (s),DeltaTime (s)
74.7948,0.004407
74.8062,0.011469
74.8162,0.009997
74.8208,0.004588
74.8227,0.001837
74.8246,0.001948
74.8262,0.001583
74.8283,0.002103
74.8321,0.003813
74.8380,0.005880
74.8399,0.001877
74.8431,0.003252
74.8481,0.005018
74.8539,0.005722
74.8556,0.001688
74.8596,0.004033
74.8648,0.005254
74.8701,0.005224
74.8719,0.001804
74.8757,0.003862
74.8798,0.004080
74.8839,0.004083
74.8878,0.003866
74.8913,0.003572
74.8948,0.003500
74.9002,0.005416
74.9026,0.002365
74.9062,0.003613
74.9102,0.003986
74.9150,0.004801
74.9190,0.003994
74.9225,0.003490
74.9259,0.003414
74.9306,0.004662
74.9342,0.003676
74.9379,0.003699
74.9414,0.003492
74.9455,0.004039
74.9508,0.005301
74.9535,0.002754
74.9570,0.003462
74.9604,0.003435
74.9651,0.004675
74.9684,0.003303
74.9718,0.003385
74.9754,0.003651
74.9804,0.004992
74.9840,0.003575
74.9878,0.003836
74.9916,0.003800
74.9964,0.004715
75.0019,0.005527
75.0036,0.001761
75.0069,0.003230
75.0105,0.003650
75.0175,0.006955
75.0196,0.002093
75.0237,0.004107
75.0269,0.003221
75.0322,0.005307
75.0355,0.003325
75.0391,0.003583
75.0426,0.003461
75.0468,0.004223
75.0513,0.004486
75.0551,0.003827
75.0584,0.003271
75.0622,0.003788
75.0688,0.006666
75.0706,0.001767
75.0739,0.003335
75.0785,0.004556
75.0842,0.005712
75.0860,0.001822
75.0897,0.003717
75.0930,0.003282
75.0996,0.006597
75.1016,0.001996
75.1060,0.004409
75.1091,0.003050
75.1143,0.005206
75.1200,0.005752
75.1318,0.011735
75.1417,0.009909
75.1438,0.002106
75.1468,0.002979
75.1504,0.003677
75.1533,0.002859
75.1558,0.002476
75.1577,0.001948
75.1594,0.001659
75.1660,0.006581
75.1785,0.012540
75.1905,0.011953
75.1926,0.002106
75.1942,0.001593
75.1970,0.002869
75.2029,0.005923
75.2057,0.002735
75.2076,0.001942
75.2094,0.001788
75.2115,0.002063
75.2198,0.008362
75.2231,0.003241
75.2257,0.002591
75.2290,0.003288
75.2390,0.010076
75.2420,0.002951
75.2439,0.001883
75.2482,0.004338
75.2528,0.004569
75.2557,0.002925
75.2589,0.003237
75.2638,0.004891
75.2686,0.004722
75.2711,0.002524
75.2753,0.004192
75.2786,0.003310
75.2853,0.006757
75.2872,0.001827
75.2902,0.002996
75.2943,0.004193
75.3069,0.012524
75.3204,0.013571
75.3291,0.008610
75.3344,0.005306
75.3377,0.003345
75.3399,0.002163
75.3418,0.001927
75.3434,0.001659
75.3457,0.002256
75.3504,0.004711
75.3541,0.003698
75.3563,0.002201
75.3610,0.004693
75.3661,0.005114
75.3709,0.004765
75.3728,0.001930
75.3764,0.003544
75.3824,0.006039
75.3876,0.005177
75.3894,0.001801
75.3930,0.003669
75.4075,0.014459
75.4176,0.010087
75.4204,0.002799
75.4221,0.001722
75.4239,0.001754
75.4256,0.001733
75.4274,0.001750
75.4314,0.004069
75.4388,0.007383
75.4502,0.011364
75.4606,0.010436
75.4704,0.009753
75.4730,0.002647
75.4841,0.011108
75.4934,0.009248
75.4954,0.002068
75.4972,0.001751
75.5012,0.004007
75.5041,0.002921
75.5064,0.002243
75.5080,0.001633
75.5108,0.002769
75.5184,0.007650
75.5232,0.004846
75.5370,0.013759
75.5491,0.012069
75.5573,0.008241
75.5602,0.002922
75.5628,0.002594
75.5664,0.003602
75.5711,0.004666
75.5733,0.002190
75.5752,0.001955
75.5770,0.001794
75.5791,0.002065
75.5870,0.007906
75.5888,0.001761
75.5925,0.003734
75.5976,0.005121
75.6033,0.005686
75.6052,0.001881
75.6091,0.003894
75.6136,0.004489
75.6174,0.003823
75.6216,0.004238
75.6250,0.003360
75.6287,0.003668
75.6340,0.005365
75.6372,0.003125
75.6412,0.004001
75.6448,0.003655
75.6499,0.005129
75.6526,0.002693
75.6569,0.004239
75.6602,0.003369
75.6652,0.004942
75.6684,0.003269
75.6783,0.009845
75.6868,0.008531
75.6953,0.008435
75.7030,0.007786
75.7181,0.015016
75.7211,0.003005
75.7238,0.002720
75.7262,0.002451
75.7287,0.002460
75.7319,0.003229
75.7343,0.002358
75.7362,0.001905
75.7394,0.003161
75.7427,0.003355
75.7481,0.005411
75.7514,0.003292
75.7550,0.003557
75.7586,0.003631
75.7637,0.005066
75.7676,0.003964
75.7705,0.002913
75.7743,0.003730
75.7779,0.003640
75.7828,0.004846
75.7857,0.002974
75.7891,0.003410
75.7928,0.003639
75.7979,0.005141
75.8009,0.003025
75.8046,0.003679
75.8087,0.004088
75.8127,0.004027
75.8180,0.005222
75.8214,0.003461
75.8251,0.003710
75.8288,0.003664
75.8343,0.005499
75.8371,0.002777
75.8406,0.003561
75.8445,0.003820
75.8496,0.005106
75.8521,0.002519
75.8560,0.003963
75.8595,0.003407
75.8641,0.004629
75.8677,0.003647
75.8713,0.003552
75.8748,0.003542
75.8788,0.003988
75.8837,0.004921
75.8869,0.003188
75.8907,0.003729
75.8941,0.003487
75.8994,0.005217
75.9020,0.002621
75.9055,0.003483
75.9093,0.003807
75.9143,0.005046
75.9175,0.003167
75.9212,0.003740
75.9257,0.004492
75.9296,0.003851
75.9339,0.004300
75.9378,0.003917
75.9411,0.003350
75.9448,0.003675
75.9514,0.006559
75.9531,0.001701
75.9566,0.003513
75.9601,0.003569
75.9658,0.005704
75.9684,0.002534
75.9720,0.003610
75.9758,0.003838
75.9808,0.005011
75.9840,0.003178
75.9879,0.003904
75.9913,0.003364
75.9951,0.003851
76.0013,0.006134
76.0031,0.001833
76.0065,0.003421
76.0103,0.003787
76.0152,0.004877
76.0181,0.002936
76.0218,0.003704
76.0265,0.004675
76.0308,0.004258
76.0347,0.003922
76.0382,0.003467
76.0417,0.003540
76.0466,0.004889
76.0518,0.005270
76.0536,0.001768
76.0572,0.003589
76.0613,0.004075
76.0670,0.005731
76.0689,0.001840
76.0722,0.003361
76.0765,0.004329
76.0809,0.004391
76.0845,0.003604
76.0879,0.003401
76.0923,0.004363
76.0954,0.003071
76.1013,0.005960
76.1042,0.002891
76.1075,0.003273
76.1110,0.003504
76.1172,0.006156
76.1190,0.001826
76.1231,0.004147
76.1274,0.004265
76.1327,0.005287
76.1348,0.002150
76.1393,0.004479
76.1429,0.003581
76.1475,0.004609
76.1509,0.003385
76.1550,0.004143
76.1583,0.003241
76.1622,0.003908
76.1674,0.005238
76.1707,0.003290
76.1741,0.003372
76.1776,0.003532
76.1828,0.005213
76.1855,0.002699
76.1889,0.003409
76.1926,0.003644
76.1977,0.005144
76.2008,0.003069
76.2044,0.003664
76.2087,0.004206
76.2126,0.003936
76.2173,0.004711
76.2205,0.003162
76.2242,0.003704
76.2286,0.004424
76.2334,0.004775
76.2359,0.002536
76.2395,0.003577
76.2433,0.003844
76.2481,0.004748
76.2511,0.003026
76.2549,0.003794
76.2586,0.003702
76.2625,0.003937
76.2673,0.004782
76.2706,0.003309
76.2743,0.003682
76.2783,0.004021
76.2829,0.004567
76.2857,0.002824
76.2900,0.004306
76.2933,0.003286
76.2982,0.004841
76.3013,0.003189
76.3049,0.003512
76.3087,0.003856
76.3139,0.005153
76.3172,0.003328
76.3207,0.003524
76.3253,0.004567
76.3289,0.003657
76.3339,0.004972
76.3375,0.003626
76.3426,0.005091
76.3516,0.008953
76.3576,0.006028
76.3599,0.002330
76.3642,0.004228
76.3676,0.003417
76.3697,0.002149
76.3718,0.002022
76.3750,0.003203
76.3787,0.003719
76.3849,0.006196
76.3878,0.002893
76.3907,0.002889
76.3943,0.003657
76.4009,0.006542
76.4027,0.001809
76.4059,0.003271
76.4096,0.003662
76.4145,0.004876
76.4177,0.003182
76.4219,0.004270
76.4253,0.003381
76.4310,0.005740
76.4343,0.003285
76.4381,0.003795
76.4414,0.003297
76.4452,0.003749
76.4510,0.005842
76.4534,0.002410
76.4570,0.003560
76.4608,0.003864
76.4657,0.004866
76.4684,0.002734
76.4721,0.003651
76.4757,0.003637
76.4805,0.004806
76.4840,0.003464
76.4876,0.003640
76.4912,0.003600
76.4953,0.004044
76.5006,0.005281
76.5030,0.002462
76.5068,0.003765
76.5102,0.003431
76.5149,0.004703
76.5183,0.003359
76.5217,0.003376
76.5254,0.003721
76.5317,0.006338
76.5341,0.002387
76.5377,0.003640
76.5417,0.003939
76.5451,0.003375
76.5505,0.005485
76.5535,0.002927
76.5570,0.003569
76.5605,0.003476
76.5656,0.005069
76.5683,0.002672
76.5720,0.003750
76.5756,0.003573
76.5798,0.004220
76.5837,0.003935
76.5879,0.004192
76.5914,0.003487
76.5953,0.003875
76.6011,0.005797
76.6038,0.002679
76.6073,0.003557
76.6111,0.003805
76.6158,0.004636
76.6190,0.003247
76.6226,0.003621
76.6263,0.003696
76.6319,0.005565
76.6350,0.003057
76.6383,0.003340
76.6420,0.003714
76.6470,0.005033
76.6505,0.003430
76.6541,0.003613
76.6580,0.003936
76.6615,0.003530
76.6677,0.006116
76.6703,0.002658
76.6737,0.003354
76.6774,0.003712
76.6830,0.005596
76.6853,0.002285
76.6889,0.003642
76.6927,0.003800
76.6976,0.004886
76.7008,0.003230
76.7047,0.003830
76.7082,0.003591
76.7121,0.003853
76.7178,0.005740
76.7202,0.002390
76.7239,0.003624
76.7280,0.004184
76.7339,0.005833
76.7363,0.002453
76.7400,0.003633
76.7435,0.003537
76.7485,0.005039
76.7516,0.003042
76.7550,0.003456
76.7590,0.003937
76.7640,0.005030
76.7671,0.003148
76.7708,0.003614
76.7746,0.003852
76.7784,0.003788
76.7837,0.005332
76.7864,0.002695
76.7898,0.003348
76.7934,0.003628
76.7985,0.005053
76.8013,0.002868
76.8049,0.003544
76.8089,0.004072
76.8134,0.004493
76.8237,0.010256
76.8366,0.012908
76.8442,0.007588
76.8464,0.002183
76.8483,0.001896
76.8525,0.004252
76.8556,0.003089
76.8584,0.002785
76.8602,0.001762
76.8635,0.003314
76.8762,0.012730
76.8789,0.002713
76.8825,0.003616
76.8879,0.005397
76.8896,0.001695
76.8931,0.003437
76.8990,0.005929
76.9037,0.004712
76.9056,0.001888
76.9095,0.003901
76.9143,0.004823
76.9176,0.003321
76.9215,0.003852
76.9249,0.003378
76.9296,0.004724
76.9375,0.007935
76.9519,0.014335
76.9548,0.002963
76.9566,0.001772
76.9587,0.002087
76.9607,0.002053
76.9659,0.005134
76.9700,0.004135
76.9725,0.002489
76.9740,0.001566
76.9775,0.003411
76.9826,0.005172
76.9872,0.004566
76.9894,0.002242
76.9931,0.003610
76.9982,0.005159
77.0037,0.005477
77.0055,0.001780
77.0092,0.003697
77.0140,0.004782
77.0171,0.003170
77.0208,0.003680
77.0246,0.003818
77.0282,0.003608
77.0350,0.006737
77.0370,0.002016
77.0404,0.003407
77.0440,0.003564
77.0501,0.006184
77.0526,0.002493
77.0554,0.002777
77.0591,0.003715
77.0640,0.004876
77.0672,0.003165
77.0708,0.003682
77.0746,0.003785
77.0783,0.003688
77.0845,0.006178
77.0910,0.006500
77.0927,0.001714
77.0973,0.004619
77.1008,0.003491
77.1044,0.003560
77.1082,0.003804
77.1121,0.003878
77.1171,0.005019
77.1203,0.003199
77.1240,0.003677
77.1276,0.003636
77.1328,0.005236
77.1368,0.003980
77.1393,0.002513
77.1429,0.003536
77.1489,0.006040
77.1524,0.003483
77.1554,0.002991
77.1592,0.003862
77.1640,0.004790
77.1672,0.003190
77.1712,0.003981
77.1747,0.003479
77.1785,0.003873
77.1840,0.005497
77.1866,0.002537
77.1901,0.003554
77.1941,0.003954
77.1990,0.004890
77.2015,0.002486
77.2052,0.003771
77.2090,0.003814
77.2138,0.004755
77.2174,0.003584
77.2207,0.003321
77.2246,0.003882
77.2286,0.004022
77.2345,0.005888
77.2373,0.002787
77.2411,0.003794
77.2443,0.003255
77.2495,0.005155
77.2524,0.002918
77.2558,0.003402
77.2595,0.003701
77.2643,0.004810
77.2676,0.003269
77.2712,0.003619
77.2749,0.003720
77.2790,0.004032
77.2836,0.004646
77.2875,0.003864
77.2908,0.003362
77.2944,0.003602
77.2998,0.005380
77.3023,0.002532
77.3059,0.003564
77.3097,0.003804
77.3143,0.004621
77.3175,0.003180
77.3214,0.003902
77.3248,0.003413
77.3287,0.003894
77.3345,0.005741
77.3377,0.003215
77.3412,0.003487
77.3451,0.003910
77.3509,0.005865
77.3536,0.002659
77.3578,0.004222
77.3613,0.003442
77.3683,0.007063
77.3702,0.001915
77.3738,0.003571
77.3792,0.005378
77.3834,0.004248
77.3860,0.002572
77.3896,0.003625
77.3931,0.003500
77.3981,0.005014
77.4013,0.003169
77.4107,0.009386
77.4204,0.009747
77.4279,0.007498
77.4418,0.013892
77.4437,0.001816
77.4458,0.002159
77.4491,0.003321
77.4511,0.001916
77.4533,0.002288
77.4550,0.001630
77.4583,0.003364
77.4620,0.003639
77.4672,0.005186
77.4703,0.003133
77.4740,0.003666
77.4780,0.004016
77.4825,0.004519
77.4854,0.002920
77.4897,0.004321
77.4929,0.003144
77.4979,0.004992
77.5011,0.003185
77.5045,0.003470
77.5083,0.003745
77.5126,0.004343
77.5169,0.004312
77.5202,0.003287
77.5240,0.003802
77.5277,0.003643
77.5323,0.004688
77.5363,0.003984
77.5395,0.003190
77.5431,0.003564
77.5490,0.005912
77.5516,0.002562
77.5547,0.003138
77.5584,0.003718
77.5634,0.004946
77.5672,0.003812
77.5706,0.003454
77.5744,0.003783
77.5781,0.003668
77.5850,0.006875
77.5869,0.001991
77.5904,0.003444
77.5942,0.003826
77.6014,0.007182
77.6035,0.002100
77.6074,0.003876
77.6109,0.003565
77.6177,0.006769
77.6198,0.002088
77.6234,0.003596
77.6277,0.004358
77.6334,0.005648
77.6366,0.003241
77.6412,0.004534
77.6451,0.003960
77.6517,0.006575
77.6537,0.002019
77.6575,0.003726
77.6621,0.004687
77.6676,0.005474
77.6699,0.002315
77.6741,0.004137
77.6787,0.004604
77.6852,0.006528
77.6874,0.002233
77.6911,0.003639
77.6954,0.004296
77.7009,0.005526
77.7033,0.002380
77.7077,0.004407
77.7113,0.003588
77.7170,0.005720
77.7200,0.003020
77.7239,0.003885
77.7279,0.004041
77.7342,0.006310
77.7369,0.002614
77.7423,0.005403
77.7457,0.003427
77.7513,0.005596
77.7537,0.002401
77.7579,0.004258
77.7616,0.003621
77.7674,0.005891
77.7706,0.003105
77.7739,0.003338
77.7778,0.003901
77.7840,0.006163
77.7862,0.002243
77.7897,0.003521
77.7939,0.004134
77.7996,0.005738
77.8027,0.003110
77.8068,0.004077
77.8104,0.003570
77.8171,0.006746
77.8192,0.002072
77.8229,0.003690
77.8271,0.004206
77.8327,0.005592
77.8460,0.013331
77.8585,0.012489
77.8609,0.002379
77.8639,0.003044
77.8682,0.004322
77.8712,0.002951
77.8730,0.001867
77.8755,0.002418
77.8771,0.001637
77.8838,0.006687
77.8911,0.007277
77.8942,0.003096
77.8987,0.004592
77.9059,0.007147
77.9079,0.002054
77.9119,0.003913
77.9187,0.006820
77.9228,0.004085
77.9253,0.002497
77.9314,0.006099
77.9344,0.003075
77.9381,0.003683
77.9441,0.005957
77.9484,0.004369
77.9517,0.003222
77.9553,0.003613
77.9591,0.003852
77.9645,0.005377
77.9683,0.003747
77.9719,0.003650
77.9759,0.003991
77.9823,0.006360
77.9849,0.002666
77.9899,0.004981
77.9935,0.003629
77.9997,0.006145
78.0021,0.002452
78.0063,0.004212
78.0101,0.003779
78.0158,0.005712
78.0192,0.003369
78.0227,0.003535
78.0266,0.003820
78.0335,0.006955
78.0357,0.002233
78.0394,0.003629
78.0446,0.005219
78.0494,0.004812
78.0522,0.002820
78.0565,0.004281
78.0606,0.004138
78.0670,0.006345
78.0717,0.004750
78.0768,0.005085
78.0815,0.004701
78.0875,0.005936
78.0911,0.003685
78.0969,0.005717
78.1054,0.008506
78.1089,0.003570
78.1116,0.002708
78.1166,0.004948
78.1192,0.002616
78.1218,0.002601
78.1246,0.002783
78.1296,0.004982
78.1356,0.006073
78.1383,0.002634
78.1429,0.004616
78.1488,0.005920
78.1539,0.005103
78.1565,0.002533
78.1605,0.003993
78.1685,0.008054
78.1732,0.004696
78.1779,0.004686
78.1840,0.006150
78.1893,0.005238
78.1952,0.005915
78.2005,0.005270
78.2098,0.009330
78.2198,0.010028
78.2291,0.009253
78.2323,0.003188
78.2344,0.002148
78.2372,0.002806
78.2449,0.007711
78.2523,0.007363
78.2577,0.005461
78.2784,0.020616
78.3023,0.023975
78.3100,0.007646
78.3168,0.006823
78.3261,0.009305
78.3409,0.014823
78.3464,0.005487
78.3528,0.006425
78.3606,0.007751
78.3661,0.005464
78.3712,0.005121
78.3750,0.003774
78.3794,0.004435
78.3854,0.005994
78.3954,0.010014
78.4014,0.006030
78.4074,0.005986
78.4125,0.005065
78.4213,0.008778
78.4285,0.007243
78.4372,0.008732
78.4441,0.006839
78.4544,0.010282
78.4623,0.007964
78.4683,0.005995
78.4727,0.004341
78.4777,0.005072
78.4836,0.005923
78.4945,0.010848
78.5012,0.006694
78.5065,0.005346
78.5103,0.003751
78.5146,0.004360
78.5254,0.010782
78.5319,0.006514
78.5370,0.005038
78.5419,0.004880
78.5519,0.009998
78.5654,0.013590
78.5728,0.007323
78.5802,0.007377
78.5914,0.011226
78.5979,0.006521
78.6030,0.005111
78.6076,0.004624
78.6124,0.004815
78.6193,0.006864
78.6242,0.004944
78.6300,0.005733
78.6375,0.007559
78.6434,0.005820
78.6475,0.004113
78.6567,0.009214
78.6623,0.005583
78.6711,0.008845
78.6756,0.004530
78.6808,0.005175
78.6878,0.007010
78.6930,0.005146
78.6991,0.006163
78.7041,0.004999
78.7090,0.004848
78.7123,0.003325
78.7163,0.003995
78.7225,0.006149
78.7270,0.004549
78.7301,0.003087
78.7390,0.008887
78.7461,0.007071
78.7530,0.006961
78.7594,0.006384
78.7660,0.006575
78.7725,0.006533
78.7757,0.003221
78.7775,0.001743
78.7805,0.003073
78.7929,0.012356
78.7965,0.003590
78.8039,0.007455
78.8107,0.006772
78.8162,0.005472
78.8232,0.006973
78.8301,0.006980
78.8366,0.006424
78.8436,0.007010
78.8489,0.005359
78.8558,0.006857
78.8623,0.006557
78.8692,0.006861
78.8761,0.006847
78.8801,0.004052
78.8864,0.006289
78.8934,0.006956
78.8969,0.003590
78.9027,0.005716
78.9094,0.006704
78.9131,0.003747
78.9194,0.006314
78.9273,0.007833
78.9307,0.003397
78.9379,0.007259
78.9423,0.004432
78.9444,0.002097
78.9540,0.009572
78.9612,0.007143
78.9670,0.005795
78.9734,0.006494
78.9767,0.003286
78.9788,0.002020
78.9874,0.008696
78.9933,0.005840
78.9956,0.002282
79.0037,0.008164
79.0089,0.005176
79.0114,0.002502
79.0178,0.006401
79.0265,0.008688
79.0301,0.003588
79.0362,0.006145
79.0423,0.006075
79.0458,0.003456
79.0539,0.008121
79.0600,0.006148
79.0626,0.002526
79.0700,0.007393
79.0754,0.005491
79.0782,0.002707
79.0849,0.006774
79.0932,0.008231
79.0964,0.003278
79.1028,0.006405
79.1089,0.006054
79.1111,0.002206
79.1167,0.005584
79.1265,0.009823
79.1301,0.003575
79.1361,0.006046
79.1419,0.005791
79.1443,0.002345
79.1492,0.004925
79.1605,0.011281
79.1642,0.003760
79.1716,0.007366
79.1754,0.003822
79.1785,0.003073
79.1849,0.006449
79.1944,0.009498
79.1998,0.005316
79.2070,0.007230
79.2107,0.003664
79.2145,0.003826
79.2239,0.009397
79.2286,0.004674
79.2341,0.005533
79.2403,0.006255
79.2425,0.002174
79.2459,0.003378
79.2593,0.013385
79.2625,0.003266
79.2680,0.005480
79.2754,0.007349
79.2777,0.002360
79.2816,0.003900
79.2923,0.010658
79.2950,0.002715
79.2996,0.004594
79.3079,0.008329
79.3104,0.002491
79.3142,0.003765
79.3253,0.011168
79.3284,0.003033
79.3324,0.004061
79.3411,0.008683
79.3434,0.002312
79.3469,0.003430
79.3600,0.013110
79.3633,0.003357
79.3692,0.005904
79.3751,0.005844
79.3773,0.002187
79.3815,0.004247
79.3922,0.010650
79.3961,0.003925
79.4038,0.007684
79.4080,0.004277
79.4101,0.002028
79.4159,0.005837
79.4260,0.010062
79.4291,0.003093
79.4335,0.004450
79.4416,0.008089
79.4439,0.002246
79.4479,0.004074
79.4602,0.012280
79.4636,0.003431
79.4710,0.007392
79.4752,0.004192
79.4775,0.002225
79.4838,0.006358
79.4926,0.008792
79.4956,0.002977
79.5000,0.004373
79.5081,0.008106
79.5102,0.002184
79.5139,0.003632
79.5254,0.011509
79.5283,0.002952
79.5321,0.003809
79.5408,0.008619
79.5430,0.002256
79.5456,0.002572
79.5585,0.012897
79.5614,0.002891
79.5662,0.004781
79.5744,0.008238
79.5768,0.002392
79.5814,0.004649
79.5916,0.010118
79.5943,0.002767
79.5992,0.004835
79.6078,0.008612
79.6103,0.002580
79.6135,0.003179
79.6250,0.011432
79.6283,0.003364
79.6324,0.004125
79.6409,0.008408
79.6430,0.002195
79.6463,0.003267
79.6585,0.012159
79.6616,0.003101
79.6655,0.003895
79.6750,0.009502
79.6785,0.003508
79.6816,0.003121
79.6929,0.011286
79.6965,0.003564
79.7027,0.006233
79.7089,0.006236
79.7110,0.002112
79.7165,0.005483
79.7266,0.010076
79.7448,0.018200
79.7565,0.011756
79.7680,0.011415
79.7907,0.022711
79.7940,0.003361
79.7966,0.002595
79.8002,0.003580
79.8064,0.006219
79.8121,0.005646
79.8203,0.008194
79.8299,0.009677
79.8374,0.007480
79.8401,0.002697
79.8435,0.003340
79.8463,0.002795
79.8511,0.004797
79.8571,0.005997
79.8624,0.005318
79.8671,0.004731
79.8761,0.008997
79.8783,0.002252
79.8821,0.003768
79.8919,0.009827
79.8944,0.002430
79.8984,0.003978
79.9069,0.008532
79.9091,0.002244
79.9114,0.002305
79.9197,0.008282
79.9252,0.005504
79.9270,0.001744
79.9327,0.005727
79.9400,0.007340
79.9432,0.003204
79.9456,0.002400
79.9578,0.012182
79.9602,0.002427
79.9627,0.002421
79.9728,0.010089
79.9749,0.002143
79.9770,0.002086
79.9857,0.008731
79.9924,0.006665
79.9958,0.003401
80.0018,0.006009
80.0091,0.007313
80.0111,0.002035
80.0152,0.004112
80.0261,0.010860
80.0289,0.002781
80.0321,0.003222
80.0419,0.009831
80.0441,0.002135
80.0481,0.004067
80.0584,0.010302
80.0607,0.002277
80.0640,0.003312
80.0731,0.009104
80.0752,0.002042
80.0776,0.002453
80.0861,0.008433
80.0921,0.006015
80.0946,0.002550
80.0998,0.005154
80.1073,0.007560
80.1108,0.003501
80.1132,0.002357
80.1236,0.010355
80.1260,0.002489
80.1281,0.002023
80.1390,0.010914
80.1413,0.002354
80.1435,0.002142
80.1492,0.005682
80.1589,0.009726
80.1609,0.002000
80.1652,0.004344
80.1736,0.008375
80.1756,0.002019
80.1781,0.002488
80.1903,0.012193
80.1927,0.002348
80.1945,0.001889
80.2058,0.011255
80.2082,0.002440
80.2101,0.001909
80.2157,0.005607
80.2249,0.009110
80.2269,0.002077
80.2308,0.003822
80.2396,0.008887
80.2417,0.002068
80.2441,0.002346
80.2526,0.008492
80.2590,0.006440
80.2616,0.002644
80.2679,0.006304
80.2737,0.005802
80.2755,0.001750
80.2800,0.004535
80.2907,0.010701
80.2932,0.002472
80.2952,0.001971
80.3059,0.010679
80.3082,0.002367
80.3102,0.001963
80.3183,0.008072
80.3253,0.007008
80.3281,0.002846
80.3319,0.003814
80.3403,0.008388
80.3423,0.002012
80.3449,0.002586
80.3577,0.012758
80.3612,0.003568
80.3661,0.004873
80.3729,0.006780
80.3747,0.001819
80.3776,0.002881
80.3857,0.008111
80.3919,0.006228
80.3937,0.001749
80.3995,0.005848
80.4070,0.007440
80.4097,0.002698
80.4115,0.001826
80.4240,0.012497
80.4271,0.003111
80.4295,0.002370
80.4390,0.009533
80.4414,0.002440
80.4434,0.001946
80.4492,0.005772
80.4592,0.010001
80.4616,0.002457
80.4654,0.003823
80.4739,0.008459
80.4759,0.002007
80.4785,0.002639
80.4903,0.011804
80.4928,0.002489
80.4948,0.001974
80.5057,0.010922
80.5081,0.002342
80.5100,0.001924
80.5153,0.005338
80.5250,0.009680
80.5272,0.002153
80.5313,0.004163
80.5401,0.008781
80.5422,0.002137
80.5444,0.002171
80.5531,0.008710
80.5592,0.006118
80.5611,0.001902
80.5684,0.007208
80.5735,0.005117
80.5754,0.001970
80.5798,0.004391
80.5902,0.010394
80.5929,0.002676
80.5949,0.002038
80.6057,0.010767
80.6083,0.002630
80.6102,0.001912
80.6156,0.005365
80.6248,0.009195
80.6270,0.002223
80.6309,0.003821
80.6395,0.008677
80.6417,0.002136
80.6440,0.002295
80.6526,0.008593
80.6592,0.006661
80.6617,0.002522
80.6678,0.006105
80.6745,0.006698
80.6769,0.002349
80.6805,0.003615
80.6914,0.010914
80.6938,0.002336
80.6982,0.004417
80.7073,0.009118
80.7093,0.002035
80.7117,0.002417
80.7235,0.011730
80.7256,0.002086
80.7286,0.003068
80.7391,0.010518
80.7413,0.002119
80.7436,0.002328
80.7508,0.007206
80.7591,0.008265
80.7620,0.002922
80.7662,0.004254
80.7738,0.007595
80.7759,0.002024
80.7784,0.002587
80.7905,0.012050
80.7931,0.002647
80.7953,0.002163
80.8070,0.011647
80.8109,0.003947
80.8182,0.007321
80.8225,0.004270
80.8253,0.002780
80.8270,0.001727
80.8325,0.005551
80.8400,0.007446
80.8422,0.002185
80.8447,0.002570
80.8567,0.011951
80.8602,0.003540
80.8630,0.002763
80.8726,0.009555
80.8748,0.002262
80.8772,0.002407
80.8847,0.007508
80.8919,0.007151
80.8953,0.003445
80.8991,0.003787
80.9073,0.008166
80.9094,0.002097
80.9119,0.002561
80.9237,0.011798
80.9263,0.002515
80.9288,0.002550
80.9392,0.010400
80.9413,0.002061
80.9435,0.002281
80.9512,0.007701
80.9586,0.007329
80.9619,0.003341
80.9660,0.004070
80.9740,0.008029
80.9761,0.002044
80.9786,0.002566
80.9904,0.011728
80.9929,0.002568
80.9947,0.001816
81.0060,0.011268
81.0082,0.002184
81.0107,0.002489
81.0196,0.008946
81.0256,0.005952
81.0276,0.002009
81.0349,0.007274
81.0410,0.006142
81.0431,0.002071
81.0483,0.005246
81.0585,0.010187
81.0628,0.004307
81.0691,0.006258
81.0743,0.005242
81.0762,0.001906
81.0820,0.005791
81.0914,0.009346
81.0941,0.002745
81.0983,0.004234
81.1073,0.008992
81.1098,0.002434
81.1126,0.002878
81.1241,0.011472
81.1268,0.002694
81.1299,0.003115
81.1396,0.009686
81.1418,0.002153
81.1443,0.002513
81.1523,0.008079
81.1585,0.006162
81.1603,0.001814
81.1672,0.006880
81.1737,0.006513
81.1756,0.001879
81.1797,0.004156
81.1903,0.010540
81.1926,0.002340
81.1945,0.001896
81.2066,0.012051
81.2092,0.002606
81.2111,0.001874
81.2190,0.007947
81.2253,0.006318
81.2272,0.001904
81.2323,0.005043
81.2400,0.007757
81.2427,0.002688
81.2446,0.001909
81.2566,0.012005
81.2592,0.002550
81.2612,0.001992
81.2730,0.011782
81.2751,0.002133
81.2775,0.002423
81.2860,0.008471
81.2919,0.005883
81.2937,0.001821
81.3004,0.006699
81.3072,0.006815
81.3090,0.001844
81.3130,0.003910
81.3236,0.010624
81.3260,0.002380
81.3286,0.002647
81.3388,0.010168
81.3410,0.002242
81.3438,0.002750
81.3514,0.007669
81.3620,0.010597
81.3728,0.010807
81.3809,0.008029
81.3917,0.010868
81.3979,0.006195
81.4061,0.008134
81.4098,0.003744
81.4118,0.001974
81.4167,0.004894
81.4234,0.006744
81.4254,0.001935
81.4289,0.003568
81.4392,0.010287
81.4415,0.002310
81.4434,0.001866
81.4506,0.007252
81.4580,0.007404
81.4607,0.002632
81.4644,0.003754
81.4738,0.009353
81.4758,0.001983
81.4783,0.002500
81.4902,0.011987
81.4927,0.002419
81.4946,0.001940
81.5054,0.010826
81.5077,0.002270
81.5097,0.002029
81.5155,0.005773
81.5246,0.009143
81.5268,0.002195
81.5307,0.003890
81.5393,0.008585
81.5413,0.002003
81.5436,0.002291
81.5524,0.008805
81.5578,0.005398
81.5597,0.001918
81.5690,0.009242
81.5749,0.005960
81.5771,0.002205
81.5817,0.004549
81.5911,0.009402
81.5935,0.002372
81.5968,0.003317
81.6060,0.009218
81.6081,0.002123
81.6106,0.002469
81.6190,0.008394
81.6246,0.005571
81.6264,0.001808
81.6315,0.005095
81.6394,0.007910
81.6419,0.002494
81.6440,0.002176
81.6526,0.008582
81.6582,0.005630
81.6600,0.001794
81.6661,0.006029
81.6736,0.007525
81.6765,0.002896
81.6784,0.001896
81.6901,0.011714
81.6926,0.002495
81.6947,0.002144
81.7058,0.011057
81.7086,0.002766
81.7108,0.002269
81.7190,0.008212
81.7254,0.006366
81.7273,0.001870
81.7334,0.006170
81.7405,0.007000
81.7424,0.001911
81.7463,0.003955
81.7567,0.010397
81.7588,0.002108
81.7613,0.002466
81.7731,0.011859
81.7758,0.002684
81.7778,0.001966
81.7866,0.008762
81.7918,0.005199
81.7935,0.001764
81.7999,0.006396
81.8067,0.006741
81.8085,0.001794
81.8118,0.003356
81.8235,0.011739
81.8262,0.002694
81.8282,0.001944
81.8387,0.010541
81.8409,0.002186
81.8433,0.002349
81.8485,0.005264
81.8579,0.009410
81.8601,0.002141
81.8639,0.003802
81.8732,0.009366
81.8754,0.002204
81.8778,0.002360
81.8865,0.008716
81.8925,0.005976
81.8953,0.002783
81.9018,0.006466
81.9088,0.007038
81.9214,0.012567
81.9303,0.008995
81.9391,0.008794
81.9424,0.003304
81.9455,0.003054
81.9525,0.006970
81.9578,0.005311
81.9738,0.016012
81.9899,0.016144
81.9936,0.003647
81.9978,0.004233
82.0060,0.008135
82.0107,0.004722
82.0185,0.007779
82.0227,0.004200
82.0268,0.004163
82.0305,0.003694
82.0373,0.006759
82.0429,0.005595
82.0459,0.003009
82.0533,0.007371
82.0716,0.018386
82.0806,0.008936
82.0940,0.013379
82.1245,0.030553
82.1280,0.003462
82.1322,0.004242
82.1379,0.005697
82.1410,0.003076
82.1428,0.001821
82.1454,0.002594
82.1520,0.006604
82.1585,0.006458
82.1625,0.004059
82.1688,0.006329
82.2002,0.031333
82.2108,0.010601
82.2134,0.002584
82.2195,0.006132
82.2245,0.005019
82.2273,0.002761
82.2306,0.003331
82.2362,0.005640
82.2390,0.002704
82.2409,0.001965
82.2448,0.003850
82.2552,0.010390
82.2573,0.002131
82.2601,0.002849
82.2683,0.008179
82.2712,0.002836
82.2730,0.001839
82.2764,0.003413
82.2839,0.007491
82.2872,0.003344
82.2895,0.002303
82.2952,0.005657
82.2998,0.004634
82.3018,0.001980
82.3055,0.003687
82.3098,0.004338
82.3162,0.006344
82.3183,0.002141
82.3220,0.003633
82.3260,0.004080
82.3308,0.004733
82.3336,0.002793
82.3375,0.003901
82.3410,0.003544
82.3449,0.003931
82.3495,0.004550
82.3529,0.003458
82.3574,0.004415
82.3608,0.003463
82.3662,0.005397
82.3685,0.002248
82.3722,0.003740
82.3757,0.003478
82.3805,0.004783
82.3836,0.003105
82.3872,0.003631
82.3909,0.003735
82.3966,0.005638
82.3995,0.002967
82.4037,0.004113
82.4075,0.003889
82.4105,0.002978
82.4159,0.005330
82.4188,0.002905
82.4221,0.003324
82.4257,0.003636
82.4306,0.004903
82.4336,0.003001
82.4375,0.003893
82.4411,0.003600
82.4451,0.003983
82.4493,0.004209
82.4531,0.003820
82.4567,0.003604
82.4604,0.003637
82.4667,0.006294
82.4685,0.001820
82.4718,0.003341
82.4754,0.003601
82.4805,0.005041
82.4836,0.003088
82.4871,0.003548
82.4909,0.003807
82.4971,0.006228
82.4997,0.002562
82.5034,0.003662
82.5070,0.003597
82.5106,0.003681
82.5162,0.005527
82.5190,0.002809
82.5225,0.003567
82.5264,0.003881
82.5313,0.004896
82.5338,0.002480
82.5377,0.003943
82.5411,0.003359
82.5455,0.004416
82.5495,0.003954
82.5530,0.003524
82.5567,0.003654
82.5611,0.004427
82.5678,0.006687
82.5700,0.002282
82.5735,0.003483
82.5777,0.004161
82.5834,0.005687
82.5861,0.002699
82.5897,0.003640
82.5949,0.005174
82.6002,0.005278
82.6019,0.001775
82.6054,0.003412
82.6091,0.003746
82.6140,0.004912
82.6169,0.002933
82.6205,0.003574
82.6248,0.004236
82.6304,0.005619
82.6337,0.003322
82.6376,0.003900
82.6414,0.003804
82.6471,0.005659
82.6514,0.004304
82.6535,0.002177
82.6577,0.004204
82.6624,0.004631
82.6682,0.005841
82.6703,0.002072
82.6741,0.003860
82.6781,0.003953
82.6848,0.006670
82.6873,0.002520
82.6904,0.003063
82.6946,0.004267
82.7016,0.006934
82.7036,0.002018
82.7074,0.003795
82.7110,0.003674
82.7180,0.007004
82.7204,0.002400
82.7239,0.003470
82.7286,0.004716
82.7345,0.005831
82.7370,0.002560
82.7405,0.003489
82.7443,0.003775
82.7509,0.006589
82.7530,0.002170
82.7564,0.003310
82.7606,0.004244
82.7672,0.006561
82.7694,0.002229
82.7733,0.003952
82.7781,0.004794
82.7834,0.005225
82.7856,0.002257
82.7893,0.003636
82.7935,0.004205
82.8005,0.007082
82.8041,0.003514
82.8060,0.001979
82.8094,0.003348
82.8146,0.005263
82.8173,0.002674
82.8208,0.003482
82.8247,0.003896
82.8296,0.004860
82.8328,0.003278
82.8367,0.003906
82.8404,0.003666
82.8442,0.003758
82.8499,0.005712
82.8523,0.002434
82.8559,0.003571
82.8597,0.003803
82.8644,0.004721
82.8673,0.002902
82.8712,0.003862
82.8749,0.003677
82.8798,0.004942
82.8832,0.003416
82.8871,0.003917
82.8906,0.003454
82.8951,0.004513
82.8998,0.004737
82.9039,0.004070
82.9075,0.003572
82.9112,0.003700
82.9161,0.004914
82.9196,0.003500
82.9258,0.006262
82.9398,0.013907
82.9426,0.002854
82.9446,0.002003
82.9485,0.003856
82.9521,0.003628
82.9543,0.002213
82.9559,0.001590
82.9594,0.003484
82.9657,0.006367
82.9706,0.004832
82.9727,0.002167
82.9765,0.003774
82.9841,0.007576
82.9901,0.006008
82.9933,0.003228
82.9986,0.005231
83.0016,0.003023
83.0039,0.002359
83.0059,0.001909
83.0095,0.003687
83.0164,0.006839
83.0190,0.002583
83.0215,0.002573
83.0257,0.004126
83.0318,0.006093
83.0346,0.002885
83.0374,0.002717
83.0411,0.003715
83.0553,0.014265
83.0574,0.002045
83.0601,0.002699
83.0621,0.002055
83.0654,0.003239
83.0701,0.004749
83.0862,0.016029
83.0885,0.002376
83.0904,0.001904
83.0922,0.001787
83.0939,0.001671
83.0967,0.002844
83.1048,0.008057
83.1074,0.002620
83.1097,0.002295
83.1163,0.006621
83.1221,0.005803
83.1239,0.001730
83.1280,0.004177
83.1393,0.011292
83.1421,0.002753
83.1470,0.004894
83.1498,0.002795
83.1516,0.001854
83.1545,0.002824
83.1585,0.004064
83.1650,0.006465
83.1689,0.003873
83.1707,0.001802
83.1741,0.003436
83.1792,0.005134
83.1846,0.005378
83.1865,0.001889
83.1902,0.003747
83.1939,0.003619
83.2074,0.013517
83.2103,0.002927
83.2135,0.003191
83.2198,0.006355
83.2326,0.012751
83.2360,0.003372
83.2379,0.001932
83.2398,0.001923
83.2414,0.001566
83.2434,0.001964
83.2461,0.002728
83.2546,0.008526
83.2564,0.001796
83.2594,0.002962
83.2660,0.006597
83.2707,0.004699
83.2727,0.002069
83.2764,0.003684
83.2822,0.005760
83.2883,0.006168
83.2934,0.005018
83.2981,0.004738
83.3016,0.003511
83.3043,0.002676
83.3067,0.002446
83.3090,0.002271
83.3154,0.006375
83.3188,0.003408
83.3211,0.002289
83.3251,0.004015
83.3298,0.004731
83.3342,0.004401
83.3371,0.002850
83.3405,0.003386
83.3446,0.004130
83.3600,0.015430
83.3719,0.011906
83.3740,0.002066
83.3757,0.001705
83.3774,0.001684
83.3804,0.002992
83.3852,0.004807
83.3884,0.003271
83.3905,0.002058
83.3941,0.003557
83.4034,0.009365
83.4056,0.002204
83.4092,0.003541
83.4152,0.005985
83.4214,0.006203
83.4265,0.005136
83.4311,0.004617
83.4340,0.002849
83.4372,0.003209
83.4390,0.001833
83.4415,0.002506
83.4468,0.005285
83.4535,0.006748
83.4674,0.013807
83.4706,0.003288
83.4725,0.001885
83.4743,0.001815
83.4760,0.001638
83.4782,0.002190
83.4834,0.005222
83.4889,0.005541
83.4907,0.001746
83.4939,0.003238
83.5035,0.009549
83.5165,0.013044
83.5208,0.004288
83.5244,0.003602
83.5274,0.003033
83.5297,0.002254
83.5332,0.003519
83.5368,0.003621
83.5392,0.002377
83.5408,0.001569
83.5441,0.003370
83.5534,0.009298
83.5553,0.001839
83.5586,0.003302
83.5641,0.005499
83.5699,0.005857
83.5719,0.001972
83.5757,0.003801
83.5807,0.005006
83.5843,0.003609
83.5891,0.004755
83.6040,0.014932
83.6081,0.004039
83.6104,0.002366
83.6150,0.004555
83.6193,0.004321
83.6220,0.002660
83.6239,0.001976
83.6262,0.002259
83.6281,0.001949
83.6369,0.008777
83.6387,0.001776
83.6420,0.003313
83.6477,0.005729
83.6546,0.006917
83.6566,0.001976
83.6594,0.002779
83.6653,0.005910
83.6710,0.005729
83.6743,0.003231
83.6792,0.004933
83.6827,0.003455
83.6845,0.001876
83.6866,0.002105
83.6903,0.003673
83.6941,0.003795
83.7017,0.007555
83.7044,0.002772
83.7078,0.003342
83.7114,0.003585
83.7182,0.006790
83.7199,0.001769
83.7232,0.003274
83.7270,0.003852
83.7346,0.007567
83.7366,0.001986
83.7400,0.003411
83.7438,0.003779
83.7500,0.006221
83.7518,0.001795
83.7554,0.003558
83.7590,0.003649
83.7641,0.005062
83.7668,0.002738
83.7704,0.003571
83.7742,0.003819
83.7796,0.005375
83.7827,0.003092
83.7864,0.003761
83.7900,0.003572
83.7938,0.003819
83.7995,0.005725
83.8020,0.002477
83.8057,0.003655
83.8106,0.004878
83.8147,0.004138
83.8173,0.002653
83.8211,0.003791
83.8247,0.003559
83.8294,0.004650
83.8329,0.003543
83.8366,0.003710
83.8403,0.003741
83.8442,0.003883
83.8492,0.005005
83.8523,0.003033
83.8561,0.003799
83.8595,0.003459
83.8644,0.004840
83.8674,0.003058
83.8710,0.003594
83.8747,0.003680
83.8796,0.004931
83.8827,0.003059
83.8868,0.004116
83.8903,0.003541
83.8938,0.003488
83.8993,0.005426
83.9024,0.003167
83.9058,0.003373
83.9102,0.004440
83.9159,0.005667
83.9181,0.002199
83.9215,0.003409
83.9252,0.003649
83.9301,0.004973
83.9397,0.009608
83.9466,0.006831
83.9551,0.008482
83.9716,0.016537
83.9750,0.003361
83.9770,0.002062
83.9808,0.003831
83.9835,0.002622
83.9856,0.002105
83.9875,0.001935
83.9892,0.001691
83.9915,0.002256
83.9974,0.005984
84.0001,0.002698
84.0035,0.003373
84.0075,0.003950
84.0130,0.005492
84.0161,0.003186
84.0196,0.003437
84.0230,0.003425
84.0269,0.003888
84.0322,0.005334
84.0347,0.002461
84.0383,0.003604
84.0422,0.003884
84.0468,0.004682
84.0500,0.003120
84.0538,0.003802
84.0575,0.003718
84.0615,0.003995
84.0660,0.004486
84.0696,0.003630
84.0732,0.003627
84.0770,0.003808
84.0832,0.006215
84.0856,0.002331
84.0887,0.003076
84.0920,0.003335
84.0969,0.004876
84.1001,0.003275
84.1041,0.003923
84.1074,0.003372
84.1134,0.005958
84.1168,0.003391
84.1198,0.003008
84.1235,0.003681
84.1272,0.003693
84.1324,0.005244
84.1353,0.002901
84.1389,0.003562
84.1425,0.003659
84.1481,0.005546
84.1503,0.002208
84.1539,0.003632
84.1576,0.003696
84.1629,0.005322
84.1660,0.003080
84.1700,0.004029
84.1737,0.003694
84.1774,0.003654
84.1825,0.005069
84.1857,0.003244
84.1891,0.003400
84.1927,0.003631
84.1982,0.005471
84.2012,0.002970
84.2045,0.003361
84.2076,0.003085
84.2138,0.006128
84.2173,0.003506
84.2203,0.003060
84.2241,0.003822
84.2285,0.004369
84.2325,0.004021
84.2362,0.003630
84.2397,0.003497
84.2433,0.003624
84.2488,0.005501
84.2513,0.002493
84.2548,0.003528
84.2587,0.003928
84.2635,0.004813
84.2666,0.003044
84.2704,0.003776
84.2738,0.003422
84.2781,0.004350
84.2826,0.004484
84.2858,0.003178
84.2895,0.003704
84.2934,0.003922
84.2996,0.006190
84.3142,0.014623
84.3179,0.003635
84.3199,0.002055
84.3221,0.002208
84.3237,0.001578
84.3264,0.002725
84.3291,0.002649
84.3334,0.004268
84.3398,0.006447
84.3416,0.001760
84.3460,0.004393
84.3534,0.007481
84.3553,0.001829
84.3588,0.003518
84.3647,0.005911
84.3701,0.005410
84.3722,0.002064
84.3758,0.003629
84.3805,0.004672
84.3836,0.003128
84.3876,0.004001
84.3910,0.003372
84.3956,0.004628
84.3994,0.003847
84.4029,0.003487
84.4067,0.003769
84.4106,0.003897
84.4181,0.007511
84.4199,0.001816
84.4233,0.003362
84.4268,0.003487
84.4327,0.005960
84.4358,0.003016
84.4394,0.003655
84.4435,0.004059
84.4502,0.006741
84.4526,0.002367
84.4561,0.003518
84.4604,0.004285
84.4667,0.006328
84.4688,0.002114
84.4727,0.003918
84.4765,0.003798
84.4831,0.006588
84.4853,0.002181
84.4890,0.003739
84.4932,0.004152
84.4996,0.006396
84.5018,0.002185
84.5059,0.004162
84.5097,0.003768
84.5171,0.007412
84.5197,0.002607
84.5227,0.002970
84.5281,0.005392
84.5338,0.005703
84.5361,0.002271
84.5399,0.003801
84.5435,0.003683
84.5491,0.005591
84.5518,0.002617
84.5551,0.003387
84.5589,0.003807
84.5643,0.005305
84.5670,0.002781
84.5709,0.003872
84.5747,0.003740
84.5795,0.004817
84.5826,0.003140
84.5865,0.003915
84.5900,0.003516
84.5937,0.003656
84.6016,0.007867
84.6158,0.014231
84.6191,0.003341
84.6208,0.001707
84.6225,0.001664
84.6243,0.001771
84.6263,0.001989
84.6301,0.003843
84.6380,0.007875
84.6398,0.001792
84.6427,0.002903
84.6494,0.006776
84.6543,0.004853
84.6565,0.002211
84.6601,0.003617
84.6662,0.006078
84.6721,0.005868
84.6737,0.001674
84.6773,0.003569
84.6827,0.005420
84.6855,0.002715
84.6890,0.003587
84.6928,0.003733
84.6979,0.005127
84.7006,0.002696
84.7044,0.003762
84.7081,0.003741
84.7129,0.004755
84.7169,0.004023
84.7209,0.004024
84.7367,0.015777
84.7400,0.003347
84.7431,0.003114
84.7493,0.006178
84.7532,0.003883
84.7563,0.003125
84.7584,0.002035
84.7621,0.003692
84.7662,0.004109
84.7700,0.003804
84.7724,0.002394
84.7756,0.003196
84.7812,0.005601
84.7873,0.006178
84.7891,0.001740
84.7927,0.003605
84.7991,0.006380
84.8030,0.003935
84.8049,0.001879
84.8083,0.003396
84.8130,0.004691
84.8162,0.003211
84.8205,0.004360
84.8243,0.003745
84.8287,0.004380
84.8323,0.003688
84.8362,0.003838
84.8398,0.003584
84.8434,0.003607
84.8493,0.005912
84.8512,0.001927
84.8550,0.003758
84.8586,0.003603
84.8635,0.004929
84.8664,0.002860
84.8702,0.003863
84.8741,0.003844
84.8783,0.004273
84.8822,0.003886
84.8863,0.004123
84.8898,0.003422
84.8934,0.003629
84.8998,0.006399
84.9016,0.001766
84.9048,0.003267
84.9088,0.004013
84.9143,0.005492
84.9171,0.002811
84.9216,0.004410
84.9249,0.003348
84.9295,0.004583
84.9328,0.003356
84.9368,0.003923
84.9403,0.003563
84.9440,0.003652
84.9495,0.005510
84.9524,0.002919
84.9560,0.003537
84.9600,0.004010
84.9648,0.004801
84.9676,0.002840
84.9713,0.003688
84.9748,0.003546
84.9799,0.005057
84.9831,0.003206
84.9867,0.003598
84.9903,0.003642
84.9950,0.004690
84.9991,0.004025
85.0023,0.003213
85.0061,0.003846
85.0098,0.003712
85.0170,0.007133
85.0318,0.014860
85.0402,0.008334
85.0422,0.002071
85.0439,0.001630
85.0469,0.003021
85.0501,0.003224
85.0538,0.003668
85.0556,0.001821
85.0591,0.003561
85.0661,0.006972
85.0716,0.005435
85.0734,0.001801
85.0771,0.003749
85.0860,0.008857
85.0884,0.002413
85.0915,0.003085
85.0968,0.005341
85.1022,0.005388
85.1041,0.001869
85.1077,0.003619
85.1130,0.005295
85.1160,0.003078
85.1204,0.004322
85.1239,0.003507
85.1278,0.003944
85.1323,0.004513
85.1357,0.003362
85.1390,0.003336
85.1427,0.003656
85.1481,0.005453
85.1506,0.002487
85.1541,0.003450
85.1580,0.003938
85.1625,0.004467
85.1658,0.003335
85.1697,0.003868
85.1732,0.003493
85.1769,0.003741
85.1831,0.006226
85.1855,0.002355
85.1889,0.003360
85.1928,0.003918
85.1974,0.004622
85.2028,0.005431
85.2190,0.016177
85.2228,0.003741
85.2248,0.002005
85.2279,0.003106
85.2345,0.006600
85.2370,0.002552
85.2389,0.001899
85.2408,0.001879
85.2425,0.001740
85.2490,0.006483
85.2537,0.004713
85.2558,0.002104
85.2595,0.003618
85.2651,0.005687
85.2707,0.005611
85.2726,0.001863
85.2763,0.003673
85.2816,0.005302
85.2840,0.002453
85.2876,0.003594
85.2917,0.004088
85.2962,0.004450
85.2995,0.003287
85.3033,0.003869
85.3072,0.003832
85.3107,0.003563
85.3165,0.005745
85.3234,0.006950
85.3270,0.003583
85.3328,0.005780
85.3351,0.002346
85.3432,0.008117
85.3482,0.004972
85.3519,0.003644
85.3547,0.002845
85.3572,0.002465
85.3593,0.002170
85.3612,0.001889
85.3665,0.005308
85.3716,0.005016
85.3732,0.001667
85.3770,0.003754
85.3857,0.008768
85.3878,0.002028
85.3909,0.003080
85.3956,0.004734
85.4022,0.006641
85.4050,0.002808
85.4075,0.002441
85.4117,0.004243
85.4159,0.004201
85.4193,0.003386
85.4233,0.004005
85.4271,0.003816
85.4327,0.005599
85.4349,0.002218
85.4387,0.003780
85.4422,0.003496
85.4480,0.005805
85.4510,0.002971
85.4547,0.003667
85.4586,0.003896
85.4649,0.006380
85.4674,0.002491
85.4713,0.003868
85.4752,0.003900
85.4801,0.004926
85.4832,0.003041
85.4872,0.004025
85.4906,0.003417
85.4949,0.004296
85.4993,0.004384
85.5026,0.003299
85.5062,0.003659
85.5102,0.003976
85.5162,0.005972
85.5182,0.002056
85.5218,0.003596
85.5260,0.004121
85.5307,0.004762
85.5335,0.002798
85.5369,0.003413
85.5405,0.003604
85.5458,0.005297
85.5489,0.003093
85.5525,0.003618
85.5564,0.003871
85.5601,0.003689
85.5655,0.005401
85.5684,0.002907
85.5717,0.003237
85.5753,0.003623
85.5804,0.005107
85.5830,0.002587
85.5867,0.003678
85.5905,0.003890
85.5946,0.004028
85.5989,0.004298
85.6026,0.003696
85.6062,0.003661
85.6098,0.003606
85.6160,0.006156
85.6178,0.001782
85.6213,0.003544
85.6250,0.003700
85.6313,0.006316
85.6332,0.001901
85.6372,0.003999
85.6405,0.003295
85.6457,0.005151
85.6489,0.003208
85.6526,0.003697
85.6564,0.003852
85.6599,0.003465
85.6654,0.005536
85.6681,0.002655
85.6714,0.003322
85.6750,0.003641
85.6800,0.004980
85.6830,0.003025
85.6868,0.003712
85.6906,0.003829
85.6944,0.003845
85.6990,0.004553
85.7078,0.008767
85.7168,0.009057
85.7247,0.007838
85.7383,0.013700
85.7403,0.001996
85.7424,0.002008
85.7440,0.001631
85.7477,0.003758
85.7502,0.002506
85.7519,0.001647
85.7546,0.002659
85.7620,0.007414
85.7664,0.004463
85.7684,0.002006
85.7712,0.002755
85.7751,0.003856
85.7808,0.005743
85.7845,0.003685
85.8003,0.015844
85.8038,0.003520
85.8063,0.002423
85.8087,0.002447
85.8110,0.002249
85.8146,0.003648
85.8194,0.004840
85.8222,0.002787
85.8239,0.001691
85.8280,0.004043
85.8369,0.008960
85.8387,0.001756
85.8420,0.003309
85.8481,0.006093
85.8536,0.005460
85.8556,0.002014
85.8597,0.004125
85.8646,0.004934
85.8667,0.002091
85.8706,0.003916
85.8740,0.003383
85.8791,0.005045
85.8826,0.003507
85.8864,0.003866
85.8901,0.003647
85.8938,0.003737
85.8991,0.005308
85.9020,0.002866
85.9057,0.003709
85.9092,0.003540
85.9147,0.005423
85.9174,0.002777
85.9207,0.003246
85.9266,0.005892
85.9419,0.015314
85.9452,0.003301
85.9484,0.003204
85.9519,0.003512
85.9596,0.007660
85.9638,0.004271
85.9685,0.004645
85.9701,0.001658
85.9721,0.001978
85.9742,0.002096
85.9758,0.001587
85.9828,0.007017
85.9880,0.005138
85.9899,0.001916
85.9931,0.003186
86.0001,0.007060
86.0035,0.003429
86.0055,0.001993
86.0091,0.003582
86.0163,0.007175
86.0215,0.005182
86.0251,0.003599
86.0315,0.006389
86.0338,0.002308
86.0357,0.001935
86.0381,0.002408
86.0417,0.003540
86.0474,0.005726
86.0511,0.003731
86.0539,0.002755
86.0573,0.003454
86.0619,0.004613
86.0674,0.005444
86.0695,0.002167
86.0732,0.003686
86.0768,0.003569
86.0840,0.007174
86.0857,0.001739
86.0896,0.003858
86.0938,0.004245
86.1011,0.007268
86.1048,0.003699
86.1082,0.003448
86.1113,0.003104
86.1167,0.005329
86.1190,0.002306
86.1211,0.002155
86.1247,0.003550
86.1323,0.007610
86.1360,0.003671
86.1379,0.001906
86.1414,0.003573
86.1464,0.004977
86.1506,0.004189
86.1535,0.002890
86.1569,0.003375
86.1607,0.003832
86.1657,0.005050
86.1690,0.003267
86.1726,0.003625
86.1765,0.003874
86.1814,0.004934
86.1843,0.002888
86.1882,0.003867
86.1915,0.003314
86.1966,0.005082
86.2002,0.003631
86.2036,0.003401
86.2073,0.003630
86.2125,0.005276
86.2156,0.003032
86.2193,0.003741
86.2233,0.003962
86.2268,0.003536
86.2337,0.006869
86.2356,0.001916
86.2391,0.003526
86.2427,0.003528
86.2481,0.005494
86.2505,0.002403
86.2541,0.003546
86.2582,0.004076
86.2625,0.004380
86.2658,0.003284
86.2696,0.003807
86.2731,0.003496
86.2770,0.003821
86.2821,0.005130
86.2851,0.002972
86.2888,0.003765
86.2929,0.004055
86.2979,0.005071
86.3004,0.002483
86.3043,0.003830
86.3079,0.003612
86.3125,0.004584
86.3159,0.003464
86.3197,0.003807
86.3232,0.003504
86.3272,0.003920
86.3331,0.005900
86.3353,0.002223
86.3393,0.003980
86.3426,0.003370
86.3477,0.005094
86.3506,0.002913
86.3556,0.004940
86.3589,0.003338
86.3657,0.006779
86.3684,0.002694
86.3717,0.003277
86.3753,0.003658
86.3802,0.004875
86.3832,0.002997
86.3872,0.004043
86.3905,0.003267
86.3948,0.004304
86.3990,0.004229
86.4025,0.003497
86.4062,0.003641
86.4102,0.004049
86.4156,0.005358
86.4183,0.002701
86.4218,0.003490
86.4251,0.003352
86.4303,0.005166
86.4345,0.004180
86.4370,0.002501
86.4406,0.003625
86.4458,0.005173
86.4489,0.003175
86.4526,0.003625
86.4564,0.003846
86.4599,0.003516
86.4654,0.005478
86.4683,0.002907
86.4716,0.003337
86.4754,0.003706
86.4806,0.005290
86.4831,0.002498
86.4868,0.003624
86.4906,0.003875
86.4955,0.004852
86.4991,0.003614
86.5028,0.003708
86.5064,0.003564
86.5103,0.003871
86.5160,0.005801
86.5183,0.002213
86.5216,0.003386
86.5254,0.003744
86.5307,0.005338
86.5335,0.002799
86.5371,0.003579
86.5409,0.003799
86.5456,0.004669
86.5489,0.003349
86.5528,0.003874
86.5564,0.003577
86.5603,0.003902
86.5658,0.005548
86.5683,0.002446
86.5719,0.003657
86.5758,0.003831
86.5806,0.004823
86.5832,0.002661
86.5870,0.003723
86.5905,0.003547
86.5955,0.005009
86.5991,0.003614
86.6025,0.003361
86.6063,0.003782
86.6101,0.003801
86.6154,0.005325
86.6180,0.002574
86.6217,0.003749
86.6252,0.003471
86.6300,0.004760
86.6332,0.003278
86.6376,0.004366
86.6409,0.003320
86.6459,0.004977
86.6490,0.003144
86.6529,0.003867
86.6568,0.003844
86.6602,0.003432
86.6655,0.005305
86.6686,0.003118
86.6719,0.003249
86.6755,0.003615
86.6804,0.004900
86.6832,0.002868
86.6869,0.003620
86.6906,0.003786
86.6952,0.004525
86.6989,0.003719
86.7028,0.003939
86.7065,0.003681
86.7103,0.003787
86.7162,0.005852
86.7184,0.002205
86.7219,0.003498
86.7256,0.003790
86.7309,0.005296
86.7334,0.002432
86.7401,0.006771
86.7542,0.014069
86.7574,0.003208
86.7592,0.001737
86.7612,0.002024
86.7666,0.005454
86.7707,0.004031
86.7732,0.002568
86.7749,0.001684
86.7799,0.004955
86.7862,0.006301
86.7882,0.002053
86.7919,0.003673
86.7977,0.005797
86.8040,0.006321
86.8060,0.001937
86.8093,0.003384
86.8150,0.005638
86.8175,0.002473
86.8211,0.003615
86.8249,0.003846
86.8295,0.004637
86.8326,0.003075
86.8370,0.004355
86.8404,0.003402
86.8451,0.004733
86.8489,0.003795
86.8523,0.003432
86.8582,0.005880
86.8725,0.014280
86.8831,0.010566
86.8852,0.002123
86.8870,0.001771
86.8887,0.001714
86.8905,0.001788
86.8921,0.001681
86.8962,0.004024
86.9034,0.007206
86.9059,0.002485
86.9148,0.008908
86.9204,0.005667
86.9224,0.001924
86.9247,0.002342
86.9263,0.001596
86.9326,0.006320
86.9377,0.005108
86.9403,0.002583
86.9433,0.002986
86.9490,0.005749
86.9520,0.002989
86.9553,0.003243
86.9587,0.003457
86.9644,0.005693
86.9679,0.003495
86.9706,0.002661
86.9742,0.003574
86.9798,0.005657
86.9827,0.002910
86.9858,0.003033
86.9894,0.003650
86.9933,0.003880
86.9999,0.006603
87.0049,0.005034
87.0084,0.003478
87.0132,0.004828
87.0159,0.002637
87.0176,0.001763
87.0200,0.002414
87.0238,0.003767
87.0303,0.006520
87.0343,0.003989
87.0365,0.002138
87.0411,0.004676
87.0446,0.003464
87.0506,0.005983
87.0528,0.002179
87.0562,0.003411
87.0609,0.004734
87.0677,0.006792
87.0695,0.001806
87.0727,0.003230
87.0765,0.003738
87.0824,0.005974
87.0842,0.001791
87.0881,0.003836
87.0916,0.003523
87.0965,0.004926
87.0996,0.003040
87.1032,0.003647
87.1080,0.004780
87.1134,0.005450
87.1175,0.004018
87.1211,0.003622
87.1246,0.003566
87.1308,0.006144
87.1353,0.004485
87.1408,0.005560
87.1439,0.003058
87.1483,0.004444
87.1508,0.002440
87.1548,0.003991
87.1592,0.004464
87.1646,0.005408
87.1674,0.002745
87.1712,0.003785
87.1747,0.003531
87.1799,0.005185
87.1834,0.003495
87.1873,0.003910
87.1909,0.003606
87.1967,0.005841
87.1998,0.003075
87.2033,0.003448
87.2079,0.004660
87.2133,0.005344
87.2166,0.003320
87.2205,0.003930
87.2243,0.003784
87.2313,0.007008
87.2337,0.002364
87.2367,0.003053
87.2419,0.005137
87.2459,0.004080
87.2491,0.003197
87.2530,0.003858
87.2566,0.003623
87.2603,0.003694
87.2655,0.005150
87.2685,0.003083
87.2721,0.003574
87.2760,0.003851
87.2809,0.004914
87.2836,0.002722
87.2874,0.003803
87.2909,0.003522
87.2957,0.004808
87.2992,0.003467
87.3027,0.003484
87.3064,0.003749
87.3107,0.004263
87.3153,0.004573
87.3188,0.003483
87.3225,0.003782
87.3263,0.003741
87.3311,0.004796
87.3341,0.002999
87.3377,0.003640
87.3422,0.004496
87.3467,0.004520
87.3518,0.005098
87.3662,0.014343
87.3694,0.003270
87.3713,0.001807
87.3730,0.001777
87.3746,0.001569
87.3770,0.002353
87.3809,0.003930
87.3882,0.007335
87.3901,0.001895
87.3930,0.002860
87.3996,0.006612
87.4044,0.004794
87.4065,0.002139
87.4125,0.006027
87.4214,0.008875
87.4250,0.003560
87.4298,0.004839
87.4325,0.002697
87.4343,0.001825
87.4370,0.002616
87.4407,0.003747
87.4463,0.005582
87.4514,0.005157
87.4532,0.001785
87.4566,0.003414
87.4603,0.003617
87.4674,0.007114
87.4771,0.009729
87.4889,0.011792
87.5102,0.021348
87.5145,0.004264
87.5173,0.002752
87.5192,0.001908
87.5213,0.002105
87.5230,0.001704
87.5249,0.001968
87.5271,0.002179
87.5356,0.008533
87.5376,0.001925
87.5409,0.003312
87.5456,0.004735
87.5524,0.006815
87.5544,0.001932
87.5571,0.002771
87.5616,0.004466
87.5685,0.006859
87.5702,0.001730
87.5735,0.003278
87.5780,0.004510
87.5820,0.004002
87.5857,0.003690
87.5894,0.003682
87.5931,0.003755
87.5987,0.005608
87.6009,0.002202
87.6047,0.003768
87.6083,0.003613
87.6129,0.004600
87.6161,0.003236
87.6197,0.003604
87.6234,0.003627
87.6291,0.005692
87.6323,0.003276
87.6355,0.003179
87.6395,0.003998
87.6440,0.004460
87.6486,0.004639
87.6519,0.003280
87.6554,0.003537
87.6591,0.003658
87.6646,0.005501
87.6670,0.002430
87.6705,0.003468
87.6741,0.003608
87.6793,0.005225
87.6824,0.003079
87.6860,0.003570
87.6898,0.003854
87.6934,0.003541
87.6987,0.005349
87.7020,0.003257
87.7053,0.003353
87.7091,0.003793
87.7149,0.005774
87.7171,0.002214
87.7207,0.003575
87.7244,0.003678
87.7294,0.005039
87.7325,0.003075
87.7361,0.003587
87.7399,0.003867
87.7456,0.005655
87.7489,0.003304
87.7526,0.003721
87.7561,0.003500
87.7599,0.003753
87.7656,0.005745
87.7679,0.002298
87.7715,0.003646
87.7754,0.003871
87.7803,0.004871
87.7829,0.002663
87.7869,0.003975
87.7906,0.003683
87.7954,0.004782
87.7989,0.003511
87.8024,0.003452
87.8060,0.003661
87.8099,0.003904
87.8151,0.005209
87.8181,0.002986
87.8221,0.003985
87.8259,0.003762
87.8306,0.004746
87.8334,0.002770
87.8369,0.003544
87.8406,0.003662
87.8463,0.005727
87.8491,0.002824
87.8530,0.003863
87.8570,0.004011
87.8610,0.003949
87.8652,0.004260
87.8692,0.003995
87.8726,0.003355
87.8762,0.003683
87.8821,0.005834
87.8841,0.002020
87.8877,0.003642
87.8914,0.003612
87.8967,0.005336
87.8998,0.003144
87.9031,0.003318
87.9072,0.004036
87.9123,0.005061
87.9158,0.003520
87.9194,0.003590
87.9228,0.003443
87.9267,0.003887
87.9325,0.005853
87.9349,0.002396
87.9386,0.003665
87.9433,0.004704
87.9485,0.005178
87.9509,0.002437
87.9546,0.003706
87.9583,0.003634
87.9630,0.004693
87.9662,0.003236
87.9697,0.003506
87.9733,0.003582
87.9788,0.005485
87.9818,0.003040
87.9854,0.003564
87.9893,0.003944
87.9928,0.003529
87.9986,0.005772
88.0009,0.002238
88.0043,0.003406
88.0080,0.003765
88.0128,0.004756
88.0158,0.003057
88.0194,0.003597
88.0235,0.004034
88.0272,0.003698
88.0318,0.004622
88.0352,0.003387
88.0392,0.003998
88.0430,0.003785
88.0489,0.005969
88.0512,0.002289
88.0548,0.003556
88.0588,0.003984
88.0634,0.004674
88.0662,0.002785
88.0703,0.004060
88.0735,0.003259
88.0783,0.004772
88.0820,0.003714
88.0880,0.005941
88.1035,0.015527
88.1122,0.008748
88.1177,0.005514
88.1202,0.002400
88.1222,0.002047
88.1246,0.002403
88.1269,0.002283
88.1313,0.004371
88.1351,0.003841
88.1383,0.003200
88.1406,0.002339
88.1457,0.005045
88.1537,0.008031
88.1554,0.001718
88.1590,0.003566
88.1655,0.006501
88.1692,0.003706
88.1713,0.002125
88.1749,0.003576
88.1812,0.006330
88.1830,0.001787
88.1865,0.003487
88.1902,0.003661
88.1963,0.006144
88.2023,0.006037
88.2058,0.003485
88.2100,0.004179
88.2133,0.003328
88.2162,0.002838
88.2186,0.002389
88.2223,0.003724
88.2258,0.003502
88.2327,0.006918
88.2353,0.002626
88.2382,0.002848
88.2420,0.003800
88.2506,0.008660
88.2529,0.002255
88.2549,0.002032
88.2589,0.003928
88.2647,0.005880
88.2675,0.002787
88.2704,0.002882
88.2754,0.005020
88.2791,0.003639
88.2821,0.003060
88.2860,0.003884
88.2904,0.004425
88.2937,0.003280
88.2987,0.004948
88.3018,0.003139
88.3054,0.003637
88.3093,0.003844
88.3141,0.004835
88.3192,0.005082
88.3341,0.014881
88.3368,0.002705
88.3385,0.001675
88.3400,0.001586
88.3419,0.001807
88.3437,0.001835
88.3521,0.008394
88.3597,0.007663
88.3675,0.007729
88.3744,0.006950
88.3847,0.010284
88.3981,0.013396
88.4010,0.002888
88.4034,0.002399
88.4057,0.002276
88.4172,0.011579
88.4208,0.003562
88.4231,0.002338
88.4255,0.002336
88.4278,0.002366
88.4355,0.007677
88.4397,0.004134
88.4419,0.002273
88.4440,0.002021
88.4539,0.009947
88.4556,0.001742
88.4579,0.002285
88.4597,0.001760
88.4673,0.007602
88.4707,0.003446
88.4725,0.001733
88.4761,0.003650
88.4834,0.007251
88.4851,0.001699
88.4884,0.003333
88.4922,0.003797
88.4992,0.006983
88.5010,0.001765
88.5040,0.003037
88.5079,0.003919
88.5126,0.004701
88.5155,0.002907
88.5192,0.003662
88.5237,0.004498
88.5287,0.004990
88.5316,0.002901
88.5350,0.003437
88.5392,0.004173
88.5427,0.003575
88.5498,0.007099
88.5517,0.001833
88.5554,0.003706
88.5643,0.008941
88.5662,0.001845
88.5697,0.003528
88.5727,0.002963
88.5744,0.001752
88.5790,0.004545
88.5837,0.004722
88.5871,0.003450
88.5897,0.002544
88.5932,0.003498
88.6006,0.007426
88.6024,0.001798
88.6055,0.003130
88.6091,0.003551
88.6165,0.007371
88.6184,0.001949
88.6211,0.002741
88.6247,0.003565
88.6298,0.005059
88.6326,0.002854
88.6362,0.003585
88.6399,0.003743
88.6443,0.004361
88.6490,0.004684
88.6523,0.003303
88.6556,0.003338
88.6592,0.003589
88.6671,0.007841
88.6811,0.014033
88.6835,0.002430
88.6853,0.001742
88.6871,0.001858
88.6888,0.001657
88.6910,0.002200
88.6927,0.001675
88.7019,0.009257
88.7049,0.003020
88.7070,0.002018
88.7110,0.004017
88.7191,0.008167
88.7312,0.012034
88.7362,0.005051
88.7411,0.004896
88.7431,0.002012
88.7488,0.005697
88.7531,0.004303
88.7557,0.002540
88.7575,0.001826
88.7597,0.002158
88.7631,0.003423
88.7691,0.005983
88.7708,0.001704
88.7740,0.003202
88.7800,0.006074
88.7852,0.005202
88.7870,0.001730
88.7907,0.003745
88.7958,0.005071
88.7996,0.003802
88.8029,0.003336
88.8065,0.003573
88.8104,0.003908
88.8149,0.004464
88.8185,0.003654
88.8223,0.003738
88.8261,0.003814
88.8315,0.005394
88.8338,0.002306
88.8379,0.004105
88.8415,0.003608
88.8463,0.004807
88.8502,0.003925
88.8534,0.003133
88.8570,0.003630
88.8620,0.005018
88.8650,0.002991
88.8698,0.004808
88.8729,0.003092
88.8764,0.003503
88.8815,0.005127
88.8850,0.003434
88.8886,0.003601
88.8921,0.003574
88.8980,0.005827
88.9000,0.002024
88.9034,0.003431
88.9072,0.003751
88.9124,0.005202
88.9155,0.003153
88.9191,0.003556
88.9228,0.003681
88.9264,0.003663
88.9317,0.005251
88.9349,0.003194
88.9385,0.003606
88.9420,0.003536
88.9500,0.007989
88.9527,0.002745
88.9547,0.002003
88.9584,0.003632
88.9641,0.005685
88.9663,0.002275
88.9698,0.003462
88.9736,0.003754
88.9785,0.004925
88.9816,0.003086
88.9853,0.003770
88.9889,0.003549
88.9926,0.003709
88.9989,0.006284
89.0007,0.001865
89.0039,0.003167
89.0077,0.003795
89.0124,0.004707
89.0154,0.002978
89.0196,0.004179
89.0236,0.004009
89.0274,0.003844
89.0316,0.004182
89.0352,0.003608
89.0387,0.003509
89.0423,0.003632
89.0480,0.005663
89.0502,0.002207
89.0546,0.004353
89.0585,0.003910
89.0629,0.004449
89.0658,0.002917
89.0699,0.004026
89.0733,0.003412
89.0777,0.004418
89.0818,0.004049
89.0853,0.003563
89.0891,0.003773
89.0928,0.003710
89.0981,0.005270
89.1007,0.002634
89.1048,0.004123
89.1084,0.003606
89.1134,0.004920
89.1164,0.003008
89.1198,0.003415
89.1233,0.003566
89.1286,0.005237
89.1316,0.002973
89.1353,0.003738
89.1393,0.003975
89.1427,0.003408
89.1482,0.005485
89.1511,0.002901
89.1550,0.003985
89.1587,0.003614
89.1641,0.005450
89.1664,0.002281
89.1699,0.003533
89.1737,0.003732
89.1786,0.004929
89.1816,0.003038
89.1854,0.003803
89.1892,0.003816
89.1927,0.003456
89.1982,0.005504
89.2012,0.002970
89.2044,0.003242
89.2081,0.003685
89.2128,0.004731
89.2160,0.003158
89.2195,0.003478
89.2233,0.003841
89.2277,0.004384
89.2317,0.004048
89.2355,0.003763
89.2390,0.003546
89.2518,0.012720
89.2594,0.007642
89.2691,0.009718
89.2845,0.015328
89.2877,0.003209
89.2902,0.002537
89.2920,0.001837
89.2940,0.001941
89.2968,0.002800
89.2994,0.002644
89.3012,0.001743
89.3034,0.002260
89.3071,0.003656
89.3120,0.004881
89.3151,0.003120
89.3189,0.003836
89.3227,0.003778
89.3266,0.003912
89.3317,0.005102
89.3347,0.003017
89.3382,0.003449
89.3418,0.003642
89.3472,0.005335
89.3495,0.002369
89.3539,0.004404
89.3581,0.004124
89.3625,0.004491
89.3656,0.003023
89.3695,0.003985
89.3730,0.003426
89.3772,0.004224
89.3818,0.004640
89.3862,0.004353
89.3892,0.002999
89.3929,0.003740
89.3992,0.006268
89.4017,0.002534
89.4045,0.002765
89.4080,0.003483
89.4126,0.004616
89.4160,0.003403
89.4196,0.003557
89.4231,0.003546
89.4280,0.004911
89.4316,0.003599
89.4352,0.003611
89.4391,0.003827
89.4426,0.003598
89.4483,0.005658
89.4508,0.002530
89.4545,0.003665
89.4581,0.003584
89.4639,0.005826
89.4662,0.002257
89.4697,0.003572
89.4736,0.003879
89.4787,0.005056
89.4819,0.003217
89.4856,0.003685
89.4891,0.003574
89.4928,0.003690
89.4988,0.005980
89.5008,0.002001
89.5044,0.003534
89.5082,0.003859
89.5136,0.005346
89.5160,0.002437
89.5195,0.003487
89.5234,0.003893
89.5282,0.004798
89.5317,0.003536
89.5355,0.003769
89.5390,0.003521
89.5429,0.003915
89.5486,0.005717
89.5510,0.002343
89.5549,0.003878
89.5589,0.004000
89.5635,0.004644
89.5664,0.002935
89.5703,0.003910
89.5739,0.003529
89.5786,0.004721
89.5820,0.003423
89.5857,0.003640
89.5897,0.004074
89.5945,0.004727
89.5983,0.003835
89.6017,0.003413
89.6056,0.003881
89.6092,0.003601
89.6149,0.005691
89.6174,0.002499
89.6207,0.003373
89.6244,0.003622
89.6295,0.005160
89.6322,0.002696
89.6360,0.003722
89.6398,0.003862
89.6436,0.003821
89.6482,0.004567
89.6522,0.004031
89.6560,0.003820
89.6595,0.003488
89.6652,0.005644
89.6673,0.002149
89.6709,0.003513
89.6745,0.003613
89.6795,0.005011
89.6825,0.003031
89.6860,0.003502
89.6899,0.003877
89.6950,0.005138
89.6983,0.003309
89.7027,0.004413
89.7158,0.013016
89.7262,0.010473
89.7379,0.011691
89.7491,0.011177
89.7581,0.008974
89.7603,0.002261
89.7642,0.003890
89.7678,0.003614
89.7701,0.002306
89.7729,0.002731
89.7748,0.001972
89.7765,0.001634
89.7837,0.007171
89.7880,0.004313
89.7908,0.002871
89.7927,0.001873
89.8000,0.007266
89.8103,0.010288
89.8162,0.005909
89.8264,0.010237
89.8316,0.005195
89.8415,0.009882
89.8436,0.002095
89.8465,0.002950
89.8500,0.003473
89.8527,0.002658
89.8557,0.003009
89.8683,0.012629
89.8807,0.012350
89.8858,0.005175
89.8886,0.002786
89.8907,0.002121
89.8926,0.001860
89.8968,0.004246
89.9076,0.010742
89.9189,0.011295
89.9210,0.002098
89.9232,0.002240
89.9349,0.011732
89.9442,0.009281
89.9492,0.004969
89.9517,0.002476
89.9535,0.001870
89.9556,0.002098
89.9596,0.003969
89.9653,0.005658
89.9683,0.003076
89.9709,0.002526
89.9734,0.002520
89.9750,0.001655
89.9807,0.005709
89.9863,0.005553
89.9983,0.012016
90.0025,0.004188
90.0149,0.012398
90.0175,0.002626
90.0276,0.010073
90.0387,0.011097
90.0411,0.002371
90.0429,0.001861
90.0456,0.002638
90.0508,0.005266
90.0532,0.002325
90.0559,0.002774
90.0582,0.002237
90.0614,0.003208
90.0677,0.006324
90.0705,0.002819
90.0734,0.002861
90.0777,0.004330
90.0860,0.008266
90.0884,0.002393
90.0901,0.001704
90.0948,0.004756
90.0990,0.004134
90.1028,0.003822
90.1072,0.004447
90.1101,0.002863
90.1154,0.005279
90.1180,0.002602
90.1220,0.003976
90.1254,0.003398
90.1300,0.004646
90.1328,0.002777
90.1369,0.004118
90.1400,0.003079
90.1451,0.005123
90.1495,0.004418
90.1523,0.002748
90.1560,0.003772
90.1625,0.006481
90.1668,0.004280
90.1686,0.001823
90.1717,0.003119
90.1759,0.004182
90.1810,0.005057
90.1832,0.002248
90.1869,0.003631
90.1911,0.004281
90.1961,0.004921
90.1994,0.003387
90.2027,0.003276
90.2067,0.004024
90.2104,0.003664
90.2158,0.005347
90.2185,0.002740
90.2220,0.003512
90.2267,0.004724
90.2316,0.004913
90.2339,0.002214
90.2378,0.003948
90.2418,0.004002
90.2535,0.011653
90.2566,0.003178
90.2591,0.002498
90.2626,0.003425
90.2670,0.004442
90.2693,0.002338
90.2719,0.002510
90.2755,0.003640
90.2826,0.007091
90.2864,0.003841
90.2883,0.001861
90.2916,0.003338
90.2981,0.006466
90.3018,0.003736
90.3038,0.001998
90.3077,0.003870
90.3127,0.004963
90.3181,0.005469
90.3199,0.001740
90.3233,0.003396
90.3284,0.005152
90.3315,0.003040
90.3352,0.003792
90.3391,0.003847
90.3426,0.003528
90.3482,0.005571
90.3511,0.002937
90.3543,0.003196
90.3580,0.003717
90.3647,0.006605
90.3669,0.002216
90.3703,0.003423
90.3738,0.003535
90.3789,0.005026
90.3819,0.003034
90.3856,0.003668
90.3895,0.003977
90.3930,0.003445
90.3981,0.005114
90.4015,0.003437
90.4051,0.003553
90.4089,0.003788
90.4143,0.005468
90.4168,0.002467
90.4203,0.003483
90.4239,0.003599
90.4291,0.005258
90.4319,0.002726
90.4355,0.003656
90.4394,0.003916
90.4432,0.003727
90.4483,0.005113
90.4516,0.003300
90.4549,0.003356
90.4588,0.003867
90.4658,0.006951
90.4685,0.002703
90.4711,0.002670
90.4747,0.003584
90.4800,0.005257
90.4826,0.002649
90.4863,0.003657
90.4902,0.003937
90.4950,0.004757
90.4983,0.003327
90.5021,0.003844
90.5057,0.003516
90.5093,0.003668
90.5150,0.005639
90.5176,0.002606
90.5211,0.003542
90.5249,0.003757
90.5299,0.005018
90.5325,0.002616
90.5362,0.003708
90.5398,0.003625
90.5440,0.004216
90.5483,0.004228
90.5520,0.003724
90.5555,0.003515
90.5594,0.003907
90.5661,0.006657
90.5680,0.001917
90.5717,0.003681
90.5751,0.003426
90.5802,0.005058
90.5830,0.002844
90.5867,0.003685
90.5903,0.003644
90.5952,0.004830
90.5983,0.003160
90.6019,0.003605
90.6058,0.003866
90.6093,0.003540
90.6146,0.005253
90.6177,0.003118
90.6211,0.003374
90.6247,0.003613
90.6304,0.005669
90.6328,0.002439
90.6362,0.003365
90.6398,0.003631
90.6450,0.005189
90.6482,0.003242
90.6519,0.003693
90.6556,0.003701
90.6592,0.003538
90.6670,0.007804
90.6689,0.001898
90.6717,0.002844
90.6752,0.003530
90.6807,0.005435
90.6831,0.002411
90.6867,0.003604
90.6904,0.003734
90.6963,0.005896
90.6988,0.002463
90.7024,0.003606
90.7063,0.003870
90.7103,0.004054
90.7147,0.004417
90.7183,0.003544
90.7217,0.003473
90.7256,0.003871
90.7306,0.005012
90.7333,0.002674
90.7370,0.003679
90.7407,0.003719
90.7456,0.004856
90.7487,0.003185
90.7525,0.003739
90.7560,0.003524
90.7602,0.004203
90.7656,0.005399
90.7682,0.002636
90.7719,0.003615
90.7759,0.004007
90.7806,0.004770
90.7835,0.002859
90.7873,0.003787
90.7911,0.003829
90.7957,0.004560
90.7989,0.003274
90.8025,0.003521
90.8065,0.004056
90.8116,0.005081
90.8147,0.003124
90.8185,0.003767
90.8224,0.003871
90.8261,0.003691
90.8313,0.005291
90.8341,0.002777
90.8377,0.003624
90.8415,0.003738
90.8466,0.005141
90.8491,0.002517
90.8527,0.003570
90.8567,0.003956
90.8613,0.004624
90.8656,0.004317
90.8691,0.003516
90.8727,0.003569
90.8772,0.004533
90.8818,0.004605
90.8849,0.003092
90.8886,0.003635
90.8925,0.003894
90.8983,0.005796
90.9008,0.002518
90.9042,0.003407
90.9078,0.003626
90.9129,0.005100
90.9161,0.003178
90.9194,0.003370
90.9232,0.003734
90.9284,0.005263
90.9315,0.003064
90.9351,0.003597
90.9389,0.003828
90.9425,0.003564
90.9482,0.005745
90.9510,0.002730
90.9542,0.003270
90.9580,0.003770
90.9635,0.005457
90.9663,0.002823
90.9700,0.003689
90.9737,0.003696
90.9784,0.004739
90.9816,0.003197
90.9855,0.003842
90.9890,0.003565
90.9940,0.005024
90.9986,0.004572
91.0010,0.002376
91.0045,0.003481
91.0084,0.003904
91.0130,0.004577
91.0158,0.002817
91.0195,0.003775
91.0230,0.003460
91.0279,0.004859
91.0317,0.003790
91.0350,0.003328
91.0388,0.003798
91.0513,0.012526
91.0583,0.006953
91.0674,0.009189
91.0834,0.015980
91.0862,0.002821
91.0881,0.001878
91.0906,0.002466
91.0934,0.002818
91.0968,0.003345
91.0988,0.002076
91.1008,0.002006
91.1034,0.002531
91.1072,0.003815
91.1117,0.004553
91.1150,0.003280
91.1191,0.004043
91.1224,0.003365
91.1262,0.003738
91.1316,0.005418
91.1347,0.003163
91.1384,0.003708
91.1423,0.003893
91.1475,0.005188
91.1502,0.002660
91.1539,0.003670
91.1575,0.003634
91.1625,0.005006
91.1660,0.003470
91.1702,0.004195
91.1734,0.003267
91.1786,0.005176
91.1817,0.003088
91.1854,0.003669
91.1892,0.003879
91.1927,0.003455
91.1981,0.005368
91.2011,0.003078
91.2050,0.003886
91.2090,0.003980
91.2137,0.004719
91.2160,0.002308
91.2197,0.003638
91.2233,0.003636
91.2291,0.005777
91.2317,0.002619
91.2353,0.003615
91.2392,0.003891
91.2430,0.003769
91.2481,0.005146
91.2512,0.003097
91.2545,0.003296
91.2582,0.003685
91.2633,0.005094
91.2659,0.002560
91.2701,0.004283
91.2738,0.003622
91.2788,0.005071
91.2819,0.003057
91.2856,0.003742
91.2896,0.004008
91.2949,0.005214
91.2985,0.003669
91.3018,0.003289
91.3056,0.003742
91.3095,0.003956
91.3147,0.005143
91.3174,0.002767
91.3216,0.004187
91.3250,0.003342
91.3298,0.004853
91.3328,0.002971
91.3362,0.003444
91.3398,0.003620
91.3448,0.004980
91.3480,0.003175
91.3519,0.003882
91.3557,0.003828
91.3592,0.003539
91.3647,0.005430
91.3689,0.004250
91.3724,0.003517
91.3773,0.004824
91.3840,0.006776
91.3859,0.001878
91.3892,0.003249
91.3927,0.003555
91.3988,0.006040
91.4009,0.002142
91.4044,0.003502
91.4081,0.003705
91.4136,0.005468
91.4159,0.002301
91.4194,0.003525
91.4230,0.003628
91.4285,0.005512
91.4315,0.002909
91.4352,0.003770
91.4391,0.003897
91.4427,0.003568
91.4482,0.005494
91.4512,0.003058
91.4544,0.003154
91.4582,0.003806
91.4651,0.006901
91.4669,0.001830
91.4709,0.004010
91.4742,0.003209
91.4792,0.005015
91.4819,0.002773
91.4856,0.003611
91.4894,0.003882
91.4934,0.003981
91.4980,0.004584
91.5016,0.003593
91.5053,0.003713
91.5090,0.003693
91.5150,0.005998
91.5168,0.001802
91.5204,0.003603
91.5241,0.003711
91.5291,0.004946
91.5319,0.002797
91.5356,0.003717
91.5396,0.004052
91.5433,0.003686
91.5479,0.004575
91.5517,0.003769
91.5553,0.003696
91.5592,0.003823
91.5658,0.006666
91.5678,0.001975
91.5710,0.003202
91.5745,0.003485
91.5803,0.005788
91.5824,0.002122
91.5861,0.003644
91.5896,0.003536
91.5958,0.006201
91.5983,0.002479
91.6019,0.003587
91.6054,0.003509
91.6094,0.004011
91.6157,0.006350
91.6182,0.002436
91.6211,0.002984
91.6245,0.003382
91.6296,0.005097
91.6326,0.002947
91.6367,0.004150
91.6507,0.013999
91.6626,0.011875
91.6658,0.003231
91.6677,0.001844
91.6697,0.002036
91.6715,0.001819
91.6742,0.002637
91.6759,0.001751
91.6812,0.005292
91.6869,0.005715
91.6991,0.012169
91.7020,0.002882
91.7045,0.002521
91.7069,0.002409
91.7098,0.002858
91.7137,0.003972
91.7177,0.003951
91.7201,0.002459
91.7218,0.001611
91.7258,0.004032
91.7316,0.005784
91.7354,0.003823
91.7376,0.002192
91.7413,0.003761
91.7468,0.005484
91.7525,0.005706
91.7551,0.002597
91.7574,0.002241
91.7620,0.004594
91.7654,0.003398
91.7690,0.003660
91.7738,0.004811
91.7784,0.004563
91.7814,0.002955
91.7852,0.003848
91.7890,0.003808
91.7938,0.004782
91.7981,0.004350
91.8010,0.002872
91.8045,0.003534
91.8087,0.004153
91.8137,0.004955
91.8164,0.002742
91.8203,0.003898
91.8235,0.003232
91.8282,0.004637
91.8320,0.003840
91.8354,0.003445
91.8390,0.003556
91.8426,0.003642
91.8484,0.005728
91.8512,0.002852
91.8554,0.004126
91.8595,0.004104
91.8728,0.013374
91.8843,0.011420
91.8870,0.002705
91.8887,0.001696
91.8906,0.001937
91.8921,0.001559
91.8946,0.002481
91.9000,0.005382
91.9037,0.003690
91.9057,0.001947
91.9098,0.004112
91.9186,0.008831
91.9208,0.002156
91.9233,0.002524
91.9296,0.006285
91.9339,0.004355
91.9364,0.002517
91.9398,0.003363
91.9454,0.005613
91.9481,0.002680
91.9524,0.004299
91.9560,0.003576
91.9593,0.003298
91.9656,0.006374
91.9676,0.002002
91.9713,0.003675
91.9767,0.005373
91.9808,0.004091
91.9833,0.002548
91.9873,0.003940
91.9906,0.003304
91.9961,0.005512
91.9989,0.002779
92.0024,0.003523
92.0065,0.004117
92.0111,0.004570
92.0150,0.003887
92.0187,0.003723
92.0228,0.004168
92.0260,0.003147
92.0317,0.005728
92.0345,0.002808
92.0385,0.004012
92.0416,0.003087
92.0484,0.006769
92.0502,0.001841
92.0536,0.003339
92.0576,0.004055
92.0629,0.005299
92.0652,0.002288
92.0689,0.003692
92.0740,0.005062
92.0790,0.005022
92.0816,0.002581
92.0853,0.003746
92.0895,0.004213
92.0927,0.003131
92.0983,0.005651
92.1015,0.003208
92.1047,0.003159
92.1086,0.003957
92.1159,0.007312
92.1181,0.002178
92.1211,0.002959
92.1268,0.005675
92.1322,0.005468
92.1342,0.001951
92.1391,0.004950
92.1414,0.002273
92.1476,0.006167
92.1494,0.001837
92.1527,0.003338
92.1565,0.003735
92.1616,0.005153
92.1647,0.003053
92.1691,0.004382
92.1725,0.003449
92.1790,0.006449
92.1813,0.002382
92.1858,0.004487
92.1890,0.003209
92.1927,0.003659
92.1982,0.005489
92.2011,0.002861
92.2049,0.003853
92.2086,0.003722
92.2134,0.004792
92.2163,0.002903
92.2202,0.003873
92.2236,0.003438
92.2285,0.004887
92.2318,0.003322
92.2353,0.003466
92.2391,0.003744
92.2433,0.004204
92.2478,0.004533
92.2512,0.003396
92.2554,0.004245
92.2588,0.003380
92.2646,0.005746
92.2669,0.002295
92.2703,0.003456
92.2743,0.004004
92.2798,0.005446
92.2822,0.002464
92.2858,0.003547
92.2896,0.003879
92.2948,0.005142
92.2982,0.003382
92.3023,0.004107
92.3056,0.003283
92.3093,0.003731
92.3145,0.005250
92.3177,0.003194
92.3212,0.003502
92.3250,0.003777
92.3303,0.005287
92.3328,0.002501
92.3367,0.003871
92.3401,0.003408
92.3447,0.004651
92.3483,0.003517
92.3518,0.003540
92.3556,0.003764
92.3598,0.004229
92.3657,0.005956
92.3677,0.001964
92.3713,0.003623
92.3754,0.004100
92.3806,0.005214
92.3833,0.002652
92.3868,0.003465
92.3905,0.003701
92.3955,0.005015
92.3984,0.002905
92.4020,0.003622
92.4059,0.003851
92.4097,0.003829
92.4144,0.004674
92.4180,0.003617
92.4214,0.003401
92.4257,0.004358
92.4307,0.004988
92.4332,0.002439
92.4376,0.004442
92.4414,0.003796
92.4455,0.004109
92.4487,0.003200
92.4527,0.003946
92.4561,0.003410
92.4619,0.005879
92.4651,0.003124
92.4684,0.003343
92.4720,0.003559
92.4778,0.005880
92.4823,0.004444
92.4842,0.001914
92.4881,0.003935
92.4922,0.004040
92.4967,0.004568
92.5002,0.003457
92.5034,0.003164
92.5076,0.004253
92.5120,0.004381
92.5157,0.003678
92.5191,0.003374
92.5234,0.004382
92.5281,0.004617
92.5317,0.003684
92.5354,0.003666
92.5389,0.003510
92.5440,0.005097
92.5489,0.004923
92.5509,0.001959
92.5549,0.004009
92.5584,0.003453
92.5643,0.005940
92.5662,0.001858
92.5699,0.003786
92.5741,0.004182
92.5798,0.005721
92.5824,0.002535
92.5859,0.003503
92.5895,0.003609
92.5943,0.004847
92.5984,0.004066
92.6016,0.003193
92.6053,0.003667
92.6092,0.003974
92.6144,0.005147
92.6173,0.002868
92.6210,0.003704
92.6245,0.003580
92.6295,0.004914
92.6324,0.002970
92.6358,0.003378
92.6394,0.003646
92.6447,0.005215
92.6478,0.003125
92.6514,0.003640
92.6552,0.003825
92.6595,0.004245
92.6644,0.004869
92.6672,0.002830
92.6705,0.003297
92.6742,0.003692
92.6808,0.006570
92.6829,0.002143
92.6866,0.003746
92.6903,0.003680
92.6954,0.005061
92.6982,0.002830
92.7018,0.003624
92.7058,0.003975
92.7095,0.003734
92.7142,0.004688
92.7178,0.003609
92.7216,0.003748
92.7255,0.003936
92.7308,0.005251
92.7332,0.002438
92.7369,0.003705
92.7406,0.003724
92.7452,0.004561
92.7484,0.003202
92.7523,0.003865
92.7557,0.003451
92.7595,0.003797
92.7646,0.005082
92.7679,0.003323
92.7715,0.003555
92.7753,0.003863
92.7812,0.005848
92.7914,0.010163
92.8010,0.009618
92.8089,0.007975
92.8242,0.015251
92.8293,0.005057
92.8320,0.002708
92.8337,0.001734
92.8356,0.001860
92.8371,0.001530
92.8389,0.001813
92.8407,0.001799
92.8454,0.004742
92.8486,0.003132
92.8524,0.003828
92.8558,0.003421
92.8612,0.005357
92.8645,0.003358
92.8682,0.003621
92.8718,0.003611
92.8757,0.003948
92.8814,0.005718
92.8843,0.002912
92.8882,0.003852
92.8916,0.003365
92.8965,0.004904
92.8997,0.003196
92.9030,0.003339
92.9068,0.003823
92.9125,0.005625
92.9151,0.002647
92.9187,0.003610
92.9227,0.003983
92.9276,0.004945
92.9313,0.003711
92.9347,0.003327
92.9383,0.003590
92.9419,0.003646
92.9471,0.005234
92.9498,0.002666
92.9534,0.003624
92.9573,0.003833
92.9618,0.004559
92.9652,0.003410
92.9694,0.004211
92.9726,0.003154
92.9767,0.004076
92.9816,0.004887
92.9857,0.004097
92.9891,0.003484
92.9939,0.004745
92.9977,0.003831
93.0013,0.003618
93.0051,0.003806
93.0088,0.003647
93.0141,0.005297
93.0170,0.002941
93.0203,0.003320
93.0240,0.003634
93.0291,0.005152
93.0319,0.002764
93.0355,0.003584
93.0394,0.003954
93.0435,0.004033
93.0479,0.004468
93.0516,0.003705
93.0557,0.004047
93.0592,0.003487
93.0660,0.006819
93.0682,0.002173
93.0709,0.002756
93.0744,0.003456
93.0809,0.006546
93.0833,0.002378
93.0866,0.003276
93.0902,0.003643
93.0954,0.005199
93.0983,0.002850
93.1019,0.003627
93.1058,0.003886
93.1099,0.004154
93.1143,0.004340
93.1182,0.003967
93.1216,0.003396
93.1254,0.003770
93.1307,0.005270
93.1332,0.002569
93.1369,0.003645
93.1408,0.003879
93.1458,0.005003
93.1486,0.002812
93.1529,0.004301
93.1560,0.003072
93.1602,0.004193
93.1645,0.004399
93.1687,0.004146
93.1719,0.003215
93.1760,0.004111
93.1811,0.005046
93.1842,0.003104
93.1883,0.004132
93.1915,0.003182
93.1965,0.005025
93.1996,0.003057
93.2029,0.003372
93.2068,0.003909
93.2117,0.004876
93.2147,0.002945
93.2186,0.003904
93.2227,0.004136
93.2268,0.004092
93.2309,0.004138
93.2348,0.003813
93.2383,0.003555
93.2419,0.003629
93.2480,0.006056
93.2499,0.001872
93.2534,0.003559
93.2572,0.003823
93.2620,0.004763
93.2649,0.002863
93.2695,0.004596
93.2731,0.003609
93.2767,0.003595
93.2810,0.004316
93.2849,0.003899
93.2888,0.003959
93.2925,0.003685
93.2989,0.006347
93.3009,0.002059
93.3045,0.003515
93.3081,0.003665
93.3150,0.006870
93.3170,0.002029
93.3207,0.003636
93.3251,0.004421
93.3308,0.005742
93.3328,0.001970
93.3364,0.003618
93.3400,0.003550
93.3449,0.004922
93.3482,0.003350
93.3517,0.003476
93.3552,0.003528
93.3607,0.005421
93.3660,0.005337
93.3680,0.001997
93.3713,0.003345
93.3749,0.003525
93.3801,0.005264
93.3829,0.002804
93.3877,0.004813
93.3905,0.002735
93.3953,0.004802
93.3982,0.002949
93.4018,0.003598
93.4057,0.003914
93.4092,0.003507
93.4142,0.004992
93.4178,0.003527
93.4217,0.003937
93.4251,0.003432
93.4302,0.005119
93.4334,0.003168
93.4369,0.003440
93.4406,0.003739
93.4452,0.004569
93.4483,0.003117
93.4521,0.003803
93.4556,0.003481
93.4609,0.005304
93.4645,0.003630
93.4682,0.003692
93.4714,0.003184
93.4753,0.003921
93.4802,0.004930
93.4835,0.003293
93.4874,0.003923
93.4907,0.003233
93.4954,0.004721
93.4988,0.003418
93.5022,0.003354
93.5058,0.003623
93.5110,0.005192
93.5142,0.003202
93.5182,0.004045
93.5225,0.004293
93.5257,0.003198
93.5316,0.005902
93.5341,0.002501
93.5375,0.003428
93.5411,0.003527
93.5480,0.006900
93.5501,0.002084
93.5530,0.002915
93.5566,0.003671
93.5621,0.005498
93.5651,0.002925
93.5688,0.003774
93.5729,0.004069
93.5779,0.005027
93.5813,0.003352
93.5849,0.003594
93.5893,0.004369
93.5927,0.003483
93.5981,0.005379
93.6003,0.002191
93.6038,0.003504
93.6076,0.003793
93.6124,0.004818
93.6153,0.002876
93.6191,0.003810
93.6231,0.004034
93.6280,0.004812
93.6312,0.003194
93.6350,0.003829
93.6386,0.003637
93.6424,0.003747
93.6479,0.005489
93.6505,0.002677
93.6542,0.003690
93.6580,0.003801
93.6628,0.004759
93.6655,0.002689
93.6693,0.003848
93.6727,0.003403
93.6778,0.005077
93.6812,0.003435
93.6847,0.003468
93.6889,0.004154
93.6937,0.004833
93.6975,0.003851
93.7010,0.003483
93.7047,0.003637
93.7082,0.003561
93.7131,0.004842
93.7163,0.003220
93.7196,0.003341
93.7235,0.003889
93.7284,0.004846
93.7315,0.003097
93.7352,0.003725
93.7391,0.003884
93.7427,0.003601
93.7477,0.005021
93.7511,0.003464
93.7547,0.003502
93.7585,0.003796
93.7639,0.005418
93.7665,0.002604
93.7700,0.003492
93.7738,0.003795
93.7786,0.004873
93.7818,0.003160
93.7857,0.003895
93.7892,0.003515
93.7950,0.005853
93.7984,0.003344
93.8018,0.003376
93.8053,0.003571
93.8099,0.004523
93.8142,0.004306
93.8175,0.003284
93.8212,0.003752
93.8246,0.003415
93.8296,0.005023
93.8327,0.003038
93.8361,0.003443
93.8398,0.003663
93.8446,0.004800
93.8478,0.003221
93.8515,0.003643
93.8553,0.003885
93.8590,0.003613
93.8640,0.005089
93.8674,0.003346
93.8711,0.003666
93.8756,0.004532
93.8821,0.006508
93.8841,0.002047
93.8872,0.003069
93.8910,0.003829
93.8965,0.005448
93.8988,0.002331
93.9027,0.003847
93.9064,0.003736
93.9113,0.004914
93.9146,0.003284
93.9186,0.003994
93.9222,0.003595
93.9259,0.003715
93.9312,0.005338
93.9346,0.003387
93.9385,0.003863
93.9424,0.003876
93.9474,0.005059
93.9504,0.002938
93.9540,0.003684
93.9577,0.003667
93.9625,0.004738
93.9656,0.003112
93.9691,0.003540
93.9727,0.003620
93.9780,0.005252
93.9813,0.003316
93.9847,0.003366
93.9887,0.004000
93.9927,0.004085
93.9991,0.006350
94.0008,0.001745
94.0041,0.003223
94.0077,0.003675
94.0136,0.005841
94.0160,0.002388
94.0196,0.003668
94.0230,0.003396
94.0288,0.005731
94.0314,0.002650
94.0350,0.003608
94.0388,0.003816
94.0427,0.003895
94.0475,0.004797
94.0509,0.003353
94.0544,0.003490
94.0581,0.003762
94.0631,0.004955
94.0658,0.002742
94.0694,0.003605
94.0737,0.004234
94.0783,0.004607
94.0814,0.003140
94.0853,0.003870
94.0891,0.003788
94.0932,0.004136
94.0989,0.005644
94.1014,0.002582
94.1050,0.003537
94.1090,0.004055
94.1140,0.005005
94.1170,0.002928
94.1209,0.003903
94.1242,0.003303
94.1291,0.004904
94.1321,0.003081
94.1357,0.003551
94.1394,0.003674
94.1443,0.004947
94.1476,0.003248
94.1512,0.003645
94.1550,0.003812
94.1586,0.003588
94.1641,0.005447
94.1672,0.003118
94.1704,0.003235
94.1740,0.003558
94.1795,0.005510
94.1819,0.002430
94.1855,0.003598
94.1893,0.003816
94.1940,0.004669
94.1988,0.004786
94.2021,0.003322
94.2054,0.003324
94.2092,0.003823
94.2142,0.004970
94.2176,0.003425
94.2212,0.003604
94.2251,0.003821
94.2299,0.004844
94.2330,0.003083
94.2369,0.003890
94.2403,0.003370
94.2451,0.004879
94.2485,0.003349
94.2519,0.003409
94.2555,0.003638
94.2604,0.004915
94.2642,0.003745
94.2677,0.003497
94.2714,0.003728
94.2749,0.003527
94.2805,0.005514
94.2832,0.002778
94.2867,0.003467
94.2903,0.003579
94.2962,0.005898
94.2993,0.003101
94.3023,0.003037
94.3061,0.003748
94.3109,0.004852
94.3143,0.003338
94.3182,0.003930
94.3215,0.003354
94.3257,0.004203
94.3320,0.006246
94.3337,0.001703
94.3370,0.003301
94.3407,0.003687
94.3456,0.004880
94.3484,0.002830
94.3521,0.003704
94.3567,0.004603
94.3611,0.004415
94.3643,0.003162
94.3681,0.003815
94.3717,0.003615
94.3753,0.003647
94.3810,0.005634
94.3834,0.002395
94.3872,0.003812
94.3908,0.003657
94.3957,0.004904
94.3997,0.003921
94.4028,0.003129
94.4061,0.003284
94.4109,0.004799
94.4143,0.003451
94.4181,0.003802
94.4217,0.003532
94.4258,0.004108
94.4308,0.005011
94.4335,0.002699
94.4373,0.003805
94.4408,0.003468
94.4457,0.004912
94.4486,0.002968
94.4521,0.003479
94.4558,0.003680
94.4610,0.005227
94.4641,0.003043
94.4680,0.003891
94.4717,0.003752
94.4753,0.003556
94.4808,0.005532
94.4838,0.002974
94.4871,0.003320
94.4907,0.003615
94.4961,0.005361
94.4996,0.003539
94.5088,0.009217
94.5173,0.008438
94.5252,0.007921
94.5390,0.013855
94.5414,0.002401
94.5448,0.003378
94.5473,0.002510
94.5494,0.002108
94.5513,0.001851
94.5529,0.001659
94.5554,0.002455
94.5591,0.003731
94.5643,0.005133
94.5675,0.003230
94.5713,0.003768
94.5751,0.003863
94.5806,0.005469
94.5830,0.002413
94.5869,0.003850
94.5903,0.003426
94.5952,0.004899
94.5988,0.003662
94.6021,0.003210
94.6056,0.003552
94.6109,0.005306
94.6140,0.003088
94.6178,0.003810
94.6216,0.003812
94.6253,0.003707
94.6309,0.005554
94.6334,0.002500
94.6376,0.004254
94.6410,0.003408
94.6453,0.004217
94.6482,0.002965
94.6519,0.003714
94.6557,0.003741
94.6598,0.004151
94.6640,0.004208
94.6680,0.003913
94.6715,0.003518
94.6775,0.006042
94.6890,0.011492
94.6993,0.010256
94.7018,0.002574
94.7036,0.001779
94.7054,0.001776
94.7074,0.002007
94.7097,0.002276
94.7147,0.005021
94.7192,0.004465
94.7212,0.001989
94.7244,0.003216
94.7306,0.006245
94.7348,0.004230
94.7366,0.001784
94.7403,0.003630
94.7463,0.006061
94.7509,0.004550
94.7528,0.001971
94.7567,0.003822
94.7616,0.004967
94.7650,0.003351
94.7685,0.003561
94.7722,0.003613
94.7763,0.004141
94.7810,0.004754
94.7843,0.003208
94.7881,0.003835
94.7919,0.003819
94.7976,0.005691
94.8000,0.002436
94.8040,0.003924
94.8074,0.003485
